"GEOID","NAME","populationE","populationM","med_incE","med_incM","whiteE","whiteM","Black_African_AmericanE","Black_African_AmericanM","American_Indian_Alaska_NativeE","American_Indian_Alaska_NativeM","AsianE","AsianM","poverty_totalE","poverty_totalM","poverty_belowE","poverty_belowM","name1","name2","street1","street2","city","state","zip","phone","intake1","intake2","intake1a","intake2a","service_code_info","latitude","longitude","GEOID.y","STATE","COUNTY","TRACT","BLOCK"
"36005006100","Census Tract 61; Bronx County; New York",3868,735,66430,14905,360,273,3116,673,27,40,29,46,3841,733,495,343,"New York City Childrens Center","Bronx Day Treatment Programs","595 Gerard Avenue",NA,"Bronx","NY",10451,"929-348-4560","718-264-4557","718-613-3056",NA,NA,"SA MH SUMH * OP PHDT * PH * NRT NSC ANTPYCH * CBT CRT CFT DBT GT IDD IPT TELE AIM * STG * MD PI SI SMHA * CO PTSD SED * STU * MST LABT * PEER * TCC * SMON * CHLD YAD * AH SP * VAPN * AOT COOT DEC FPSY PRS VRS CM SPS ES",40.8222,-73.9217,"360050061004000","36","005","006100",4000
"36005006100","Census Tract 61; Bronx County; New York",3868,735,66430,14905,360,273,3116,673,27,40,29,46,3841,733,495,343,"NY Pychotherapy and Counseling Ctr","Bronx Child and Family MH Center","579 Courtlandt Avenue",NA,"Bronx","NY",10451,"718-553-1100",NA,NA,NA,NA,"MH SUMH * OP * OMH * CHLOR FLUPH HALOP LOXAP PERPH TRIFL ARIPI ASENA BREXP CARIP CLOZA ILOPE LURAS OLANZ OLANZF PALIP QUETI RISPE ZIPRA NRT NSC ANTPYCH * AT CBT CFT DBT IDD IPT TELE * PVTN * MC MD SI * TAY SE GL CO DV TRMA PTSD SED SMI * STU * MST LABT * TCC * SMPD * CHLD YAD ADLT SNR * AH SP FX * F17 F19 F28 F67 * VPPD * AOT COOT FPSY CM SPS",40.8222,-73.9217,"360050061004000","36","005","006100",4000
"36005007300","Census Tract 73; Bronx County; New York",4444,646,28166,7789,630,525,1408,445,141,216,78,119,4425,647,1547,651,"Jewish Child Care Association",NA,"425 Westchester Avenue",NA,"Bronx","NY",10455,"718-742-8550",NA,NA,NA,NA,"MH * OP * OMH * ANTPYCH * CBT CFT DBT GT IPT TELE * PEOFF * PVTN * CLF MD OSF PI SF SMHA SWFS * TAY GL TRMA PTSD SED * STU * MST LABT * PEER * SMON * CHLD YAD * AH SP * VAPN * ACT COOT FPSY PRS SEMP TPC VRS CM",40.8153,-73.9072,"360050073001000","36","005","007300",1000
"36005012701","Census Tract 127.01; Bronx County; New York",2460,539,44667,12046,347,195,566,134,0,13,10,16,2424,533,702,333,"BASICS Esperanza PROS",NA,"915 Westchester Avenue","1st Floor","Bronx","NY",10459,"646-224-9300 x6302","646-224-9300 x6311",NA,NA,NA,"SA MH SUMH * OP * OMH * FLUPH HALOP ARIPI CLOZA OLANZ OLANZF PALIP QUETI RISPE NRT NSC ANTPYCH * CBT CFT DBT GT IDD IPT TELE * CIT * PVTN * MC MD SI * SS * SE GL VET CO TRMA PED PTSD SMI * STU * HS PEER * TCC * SMON * YAD ADLT SNR * SP * VAPN * COOT DEC FPSY IMR PRS SEMP SH VRS CM SPS ES",40.8247,-73.894,"360050127012002","36","005","012701",2002
"36005012701","Census Tract 127.01; Bronx County; New York",2460,539,44667,12046,347,195,566,134,0,13,10,16,2424,533,702,333,"Puerto Rican Family Institute Inc","Bronx Mental Health Clinic","1420 Stebbins Avenue",NA,"Bronx","NY",10459,"718-299-3045 x3226","718-299-3045 x3221","718-299-3045 x3227",NA,NA,"MH * OP * OMH * CBT CFT DBT GT IPT TELE * PVTN * MC MD PI SF SI * SS * TAY SE GL CJ TRMA PTSD * STU * PEER * SMON * CHLD YAD ADLT SNR * SP * VAPN * FPSY SPS",40.8247,-73.894,"360050127012002","36","005","012701",2002
"36005014500","Census Tract 145; Bronx County; New York",6425,1308,27352,11756,623,280,4341,1302,0,19,0,19,6208,1307,3080,1178,"Bronx Care Health System","Inpatient Psychiatric Unit","1265 Franklin Avenue",NA,"Bronx","NY",10456,"718-901-8872",NA,NA,NA,NA,"SA MH SUMH * HI * IPSY * CHLOR DROPE FLUPH HALOP PERPH THIOT TRIFL CLOZA OLANZ PALIP QUETI RISPE ZIPRA NRT NSC ANTPYCH * AT CBT GT IDD IPT TELE AIM * CIT PEON PEOFF WI * PVTN * CLF CMHG MC MD OSF PI SF SI SMHA SWFS * PA SS * TAY SE SED SMI * STU * MST LABT * PEER * TCC * SMON * CHLD YAD ADLT SNR * AH SP FX * F4 F17 F19 F25 F28 F31 F35 F36 F70 F81 F92 * VAPN * COOT FPSY LAD SPS",40.8316,-73.9099,"360050145004003","36","005","014500",4003
"36005014500","Census Tract 145; Bronx County; New York",6425,1308,27352,11756,623,280,4341,1302,0,19,0,19,6208,1307,3080,1178,"Bronx Care Hospital","Outpatient 2","1265 Franklin Avenue",NA,"Bronx","NY",10456,"718-579-7361","718-579-7385","718-579-7395",NA,NA,"SA MH SUMH * OP * OMH * FLUPH HALOP CLOZA OLANZ OLANZF RISPE NRT ANTPYCH * AT CBT CFT DBT GT IDD IPT TELE * PEON * PVTN * FQHC * MC MD PI SF SI * PA SS * SE GL CO TRMA PTSD SMI * STU * TCC * SMON * YAD ADLT SNR * AH SP NX FX * F4 F17 F19 F25 F28 F30 F31 F35 F36 F37 F42 F43 F47 F66 F67 F70 F81 F92 N24 N40 * VAPN * AOT FPSY SPS",40.8316,-73.9099,"360050145004003","36","005","014500",4003
"36005014500","Census Tract 145; Bronx County; New York",6425,1308,27352,11756,623,280,4341,1302,0,19,0,19,6208,1307,3080,1178,"Bronx/Lebanon Hospital Center","Adult Outpatient Clinic","1276 Fulton Avenue",NA,"Bronx","NY",10456,"718-901-8440","718-579-7395","718-579-7385",NA,NA,"SA MH SUMH * OP * OMH * FLUPH HALOP CLOZA OLANZ OLANZF RISPE NRT ANTPYCH * AT CBT CFT DBT GT IDD IPT TELE * PEON * PVTN * FQHC * MC MD PI SF SI * PA SS * SE GL CO TRMA SMI * STU * TCC * SMON * YAD ADLT SNR * AH SP NX FX * F4 F17 F19 F25 F28 F30 F31 F35 F36 F37 F42 F43 F47 F66 F67 F70 F81 F92 N24 N40 * VAPN * AOT FPSY SPS",40.8316,-73.9099,"360050145004003","36","005","014500",4003
"36005021900","Census Tract 219; Bronx County; New York",949,237,45906,7319,98,78,202,118,0,13,32,28,922,239,227,119,"Astor Servs for Children and Families","Highbridge Clinic","1419 Shakespeare Avenue","1st Floor","Bronx","NY",10452,"718-231-3400","718-732-7080 x0",NA,NA,NA,"SA MH SUMH * OP * OMH * NSC ANTPYCH * CBT CFT DBT GT IDD IPT TELE AIM * CIT * PVTN * CLF MD OSF PI SF SI SMHA SWFS * CO TRMA PED PTSD SED * STU * TCC * SMON * CHLD YAD ADLT * SP * VAPN * COOT FPSY CM SPS",40.8376,-73.9216,"360050219001008","36","005","021900",1008
"36005021900","Census Tract 219; Bronx County; New York",949,237,45906,7319,98,78,202,118,0,13,32,28,922,239,227,119,"Association to Benefit Children","Fast Break The Bronx","1366 Inwood Avenue",NA,"New York","NY",10452,"646-459-6165",NA,NA,NA,NA,"MH SUMH * OP * OMH * AT CBT CFT DBT GT IDD IPT TELE * CIT PEON WI * PVTN * CMHG MD SF SI SMHA SWFS * TAY GL CJ DV TRMA PTSD SED * STU * PEER * TCC * SMON * CHLD YAD * AH SP FX * F66 * VAPN * COOT FPSY CM SPS ES",40.8376,-73.9216,"360050219001008","36","005","021900",1008
"36005024300","Census Tract 243; Bronx County; New York",5062,785,29747,14888,570,284,1135,368,18,28,9,13,5061,784,1542,440,"Morris Heights Health Center","Harrison Circle","57 West Burnside Avenue","Level B-1","Bronx","NY",10453,"718-839-8900 x3333",NA,NA,NA,NA,"MH SUMH * OP * OMH * CHLOR FLUPH HALOP THIOR TRIFL CLOZA OLANZ OLANZF QUETI RISPE NRT NSC ANTPYCH * AT CBT CFT DBT EMDR GT IDD IPT TELE * CIT WI * PVTN * FQHC * CLF CMHG MC MD OSF PI SF SI * PA SS * TAY SE GL VET ADM MF CJ CO HV DV TRMA PTSD SED SMI * STU * TCC * SMON * CHLD YAD ADLT SNR * SP * VAPN * CDM FPSY IMR IPC SPS",40.852,-73.9129,"360050243002000","36","005","024300",2000
"36005024300","Census Tract 243; Bronx County; New York",5062,785,29747,14888,570,284,1135,368,18,28,9,13,5061,784,1542,440,"Morris Heights Health Center","Walton Avenue","25 East 183rd Street",NA,"Bronx","NY",10453,"718-839-8900 x3333",NA,NA,NA,NA,"MH SUMH * OP * OMH * CHLOR FLUPH HALOP THIOR TRIFL CLOZA OLANZ OLANZF QUETI RISPE NRT NSC ANTPYCH * AT CBT CFT DBT EMDR GT IDD IPT TELE * CIT WI * PVTN * FQHC * CLF CMHG MC MD OSF PI SF SI * PA SS * TAY SE GL VET ADM MF CJ CO HV DV TRMA PTSD SED SMI * STU * TCC * SMON * CHLD YAD ADLT SNR * SP * VAPN * CDM FPSY SPS",40.852,-73.9129,"360050243002000","36","005","024300",2000
"36005024300","Census Tract 243; Bronx County; New York",5062,785,29747,14888,570,284,1135,368,18,28,9,13,5061,784,1542,440,"Postgraduate Center for MH Inc","PROS","1775 Grand Concourse Street","8th Floor","Bronx","NY",10453,"212-560-6700 x402",NA,NA,NA,NA,"SA MH SUMH * OP * OMH * CHLOR DROPE FLUPH HALOP LOXAP PERPH PROCH THIOT ARIPI CLOZA OLANZ OLANZF PALIP QUETI RISPE NSC ANTPYCH * CBT CFT GT IDD IPT TELE * PVTN * MHC * CLF MC MD PI SF SI SMHA * SS * SE CO SMI * STU * LABT * PEER * SMON * YAD ADLT SNR * AH SP * VAPN * AOT COOT FPSY PRS SEMP VRS CM IPC SPS",40.852,-73.9129,"360050243002000","36","005","024300",2000
"36005028400","Census Tract 284; Bronx County; New York",517,52,NA,NA,207,111,166,148,6,11,32,58,184,14,119,57,"New York City Childrens Center","Bronx Inpatient","1300 Waters Place","State Psychiatric Center","Bronx","NY",10461,"718-264-4500","718-264-4934",NA,NA,NA,"SA MH SUMH * HI * PSY * NRT NSC ANTPYCH * AT CBT CRT CFT DBT GT IDD IPT AIM * STG * MD PI SI SMHA * CO TRMA PTSD SED * STU * HIVT STDT TBS MST HBT HCT LABT * PEER * TCC * SMON * CHLD * AH SP * VAPN * AOT COOT DEC FPSY ICM PRS VRS CM IPC SPS ES",40.8465,-73.841,"360050284001003","36","005","028400",1003
"36005033400","Census Tract 334; Bronx County; New York",38,48,NA,NA,1,2,36,47,0,13,0,13,38,48,3,5,"Astor Servs for Children and Families","Tilden Clinic","750 Tilden Street",NA,"Bronx","NY",10467,"718-231-3400",NA,NA,NA,NA,"SA MH SUMH * OP * OMH * ANTPYCH * CBT CFT DBT GT IDD IPT TELE AIM * CIT * PVTN * CLF MD OSF PI SF SI SMHA SWFS * CO TRMA PTSD SED * STU * TCC * SMON * CHLD YAD ADLT * SP * VAPN * COOT FPSY CM SPS",40.8737,-73.8712,"360050334001003","36","005","033400",1003
"36005033400","Census Tract 334; Bronx County; New York",38,48,NA,NA,1,2,36,47,0,13,0,13,38,48,3,5,"Bronx Psychiatric Center","BPC White Plains Road Clinic/ACT Prog","3050 White Plains Road",NA,"Bronx","NY",10467,"929-348-4492",NA,NA,NA,NA,"SA MH SUMH * OP * OMH * CHLOR CLOZA OLANZ RISPE NRT NSC ANTPYCH * AT CBT GT IPT * PEON PEOFF * STG * CLF MC MD PI SI SMHA * PA * GL CJ HV SMI * STU * HS PEER * TCC * SMPD * YAD ADLT SNR * AH SP FX * F17 F36 * VAPN * ACT COOT DEC FPSY PRS SEMP VRS SPS ES",40.8737,-73.8712,"360050334001003","36","005","033400",1003
"36005033400","Census Tract 334; Bronx County; New York",38,48,NA,NA,1,2,36,47,0,13,0,13,38,48,3,5,"Montefiore Medical Center","Psychiatric Inpatient Service","111 East 210th Street","Klau 2","Bronx","NY",10467,"718-920-4736",NA,NA,NA,NA,"SA MH SUMH * HI * IPSY * CHLOR FLUPH HALOP PERPH ARIPI BREXP CARIP CLOZA LURAS OLANZ PALIP QUETI RISPE ZIPRA NRT NSC ANTPYCH * AT CBT CFT DBT ECT GT IDD IPT AIM * PEON * PVTN * MC MD PI SF SI * SMI * STU * HIVT STDT TBS MST LABT * TCC * SMON * YAD ADLT SNR * AH * VAPN * CDM COOT DEC FPSY IMR PRS IPC SPS",40.8737,-73.8712,"360050334001003","36","005","033400",1003
"36005033400","Census Tract 334; Bronx County; New York",38,48,NA,NA,1,2,36,47,0,13,0,13,38,48,3,5,"NYC HHC North Central Bronx Hospital","ACT Program","3424 Kossuth Avenue",NA,"Bronx","NY",10467,"718-519-4701","718-519-3100",NA,NA,NA,"SA MH * OP * IPSY * HALOP ARIPI CLOZA OLANZ OLANZF PALIP QUETI RISPE ANTPYCH * CBT GT IDD IPT TELE AIM * CIT PEON PEOFF WI * LCCG * FQHC * CMHG MC MD PI SI SMHA * PA * TAY SE CO SMI * STU * MST LABT * PEER * TCC * SMON * YAD ADLT SNR * VAPN * ACT AOT DEC FPSY LAD PRS SH VRS CM SPS",40.8737,-73.8712,"360050334001003","36","005","033400",1003
"36005033400","Census Tract 334; Bronx County; New York",38,48,NA,NA,1,2,36,47,0,13,0,13,38,48,3,5,"NYC/HHC North Central Bronx Hospital","Inpatient Psychiatric Unit","3424 Kossuth Avenue",NA,"Bronx","NY",10467,"718-519-4864 x3500","718-519-3030",NA,NA,NA,"SA MH SUMH * HI OP PHDT * IPSY * CHLOR FLUPH HALOP PERPH THIOR ARIPI CLOZA OLANZ PALIP RISPE ZIPRA NRT NSC ANTPYCH * AT CBT CFT DBT IDD IPT TELE * CIT PEOFF WI * LCCG * FQHC * CMHG MC MD PI SF SI SMHA * PA * TAY SE GL VET ADM MF CJ CO HV TRMA TBI ALZ PTSD SMI * STU * MST LABT * TCC * SMON * CHLD YAD ADLT SNR * SP * VAPN * ACT CDM COOT DEC FPSY IMR LAD IPC",40.8737,-73.8712,"360050334001003","36","005","033400",1003
"36005033400","Census Tract 334; Bronx County; New York",38,48,NA,NA,1,2,36,47,0,13,0,13,38,48,3,5,"NYC/HHC North Central Bronx Hospital","Partial Hospitalization Program","3424 Kossuth Avenue","11th Floor","Bronx","NY",10467,"718-519-2439","718-519-3440",NA,NA,NA,"SA MH SUMH * HI OP PHDT * OMH * CHLOR FLUPH HALOP PERPH THIOR ARIPI CLOZA OLANZ PALIP RISPE ZIPRA NRT NSC ANTPYCH * AT CBT CFT GT IDD IPT * CIT PEOFF WI * LCCG * FQHC MHC * CSBG SF SI SMHA * PA * TAY SE GL VET ADM MF CJ CO HV TRMA TBI ALZ PED PTSD SMI * STU * MST LABT * TCC * SMON * CHLD YAD ADLT SNR * SP * VAPN * ACT COOT DEC FPSY PRS CM IPC SPS",40.8737,-73.8712,"360050334001003","36","005","033400",1003
"36005036100","Census Tract 361; Bronx County; New York",5672,947,24728,15806,830,409,2296,888,189,205,0,19,5664,948,2942,1076,"Childrens Aid Society","Bronx Health Services","910 East 172nd Street","3rd Floor","Bronx","NY",10460,"347-767-2200",NA,"347-767-2212",NA,NA,"MH * OP * OMH * CBT IPT TELE * PVTN * MD SF SI SWFS * SS * TAY GL TRMA PTSD SED * STU * SMON * CHLD YAD * AH SP * VAPP * FPSY IPC SPS",40.8409,-73.8794,"360050361003001","36","005","036100",3001
"36005036100","Census Tract 361; Bronx County; New York",5672,947,24728,15806,830,409,2296,888,189,205,0,19,5664,948,2942,1076,"Nao Medical",NA,"932 East 174th Street",NA,"Bronx","NY",10460,"917-970-2493",NA,NA,NA,NA,"SA MH SUMH * OP * OMH * NRT NSC ANTPYCH * CBT IDD IPT KIT TELE * PEOFF * PVTP * MC MD PI SF SI * TAY SE GL VET ADM MF CO HV DV TRMA ALZ PED PEFP PTSD SMI * STU * HIVT STDT TBS MST HBT HCT LABT * TCC * SMON * CHLD YAD ADLT SNR * SP FX * F36 * VAPN * AOT CDM DEC IMR IPC",40.8409,-73.8794,"360050361003001","36","005","036100",3001
"36005037900","Census Tract 379; Bronx County; New York",6374,1249,35431,15978,260,171,4375,1295,32,51,0,19,6302,1233,2581,557,"Astor Servs for Children and Families","Astor Day Treatment Program","516 East Tremont Avenue",NA,"Bronx","NY",10457,"347-978-2450","929-285-3917 x1096",NA,NA,NA,"MH SUMH * PHDT * PH * CHLOR HALOP PERPH ANTPYCH * CBT CFT DBT GT IDD IPT TELE * CIT PEON * PVTN * MD PI SEF * TRMA SED * STU * TCC * SMON * CHLD * SP * VAPN * FPSY CM SPS ES",40.8486,-73.8999,"360050379002004","36","005","037900",2004
"36005037900","Census Tract 379; Bronx County; New York",6374,1249,35431,15978,260,171,4375,1295,32,51,0,19,6302,1233,2581,557,"BronxCare Health System","Childrens Services","1276 Fulton Avenue",NA,"Bronx","NY",10457,"718-901-6888","718-579-7385","718-579-7395",NA,NA,"SA MH SUMH * OP * OMH * CHLOR FLUPH HALOP CLOZA OLANZ OLANZF NRT ANTPYCH * AT CBT CFT GT IPT TELE * PEON * PVTN * FQHC * MD PI SF SI SWFS * PA SS * GL CO HV TRMA PTSD SED * STU * SMON * CHLD * AH SP NX FX * F4 F17 F19 F25 F28 F30 F31 F35 F36 F37 F42 F43 F47 F66 F67 F70 F81 F92 N24 N40 * VAPN * FPSY SPS",40.8486,-73.8999,"360050379002004","36","005","037900",2004
"36005037900","Census Tract 379; Bronx County; New York",6374,1249,35431,15978,260,171,4375,1295,32,51,0,19,6302,1233,2581,557,"Graham Windham","Mental Health and Wellness Center","1946 Webster Avenue","1st Floor","Bronx","NY",10457,"212-368-4100",NA,NA,NA,NA,"MH * OP * OMH * CBT CFT GT IPT TELE * PVTN * MD * TAY TRMA PTSD SED * SMOP * CHLD YAD * SP * VAPP * FPSY TPC",40.8486,-73.8999,"360050379002004","36","005","037900",2004
"36005037900","Census Tract 379; Bronx County; New York",6374,1249,35431,15978,260,171,4375,1295,32,51,0,19,6302,1233,2581,557,"Vida Guidance Center A Division of UHP",NA,"4419 3rd Avenue",NA,"Bronx","NY",10457,"718-364-7700 x3","718-364-7700",NA,NA,NA,"MH SUMH * OP * OMH * CHLOR FLUPH HALOP LOXAP PERPH ARIPI ASENA BREXP CARIP CLOZA LURAS OLANZ OLANZF PALIP QUETI RISPE ZIPRA NRT NSC ANTPYCH * AT CBT CFT DBT GT IDD IPT TELE * CIT * STG * FQHC * MC MD SF SI SWFS * PA SS * TAY SE GL VET ADM MF CJ CO HV TRMA PTSD SED SMI * STU * LABT * TCC * SMOP * CHLD YAD ADLT SNR * SP * VAPP * FPSY CM SPS",40.8486,-73.8999,"360050379002004","36","005","037900",2004
"36005039700","Census Tract 397; Bronx County; New York",3771,148,35493,17636,2392,213,281,127,20,27,299,137,878,137,304,131,"Jewish Board","Community Mental Health Center","2488 Grand Concourse","Suite 2000","Bronx","NY",10458,"718-881-7600 x51438","844-663-2255",NA,NA,NA,"MH SUMH * OP * CMHC * ANTPYCH * CBT CFT DBT GT IPT TELE * CIT * PVTN * CMHG CSBG MC MD PI SF SI * CO * STU * PEER * TCC * SMON * CHLD YAD ADLT SNR * AH SP * VAPN * COOT CM SPS",40.8633,-73.8895,"360050397002000","36","005","039700",2000
"36005042400","Census Tract 424; Bronx County; New York",2682,602,97083,15909,437,433,1884,359,0,13,64,58,2449,597,205,105,"Astor Servs for Children and Families","Lawrence F Hickey Center","4010 Dyre Avenue",NA,"Bronx","NY",10466,"845-515-3000","718-515-3000",NA,NA,NA,"MH * PHDT * PH * ANTPYCH * CBT CFT GT IPT TELE * CIT PEON * PVTN * MD SEF * TRMA SED * SMON * CHLD * VAPN * FPSY CM SPS ES",40.8904,-73.8503,"360050424002000","36","005","042400",2000
"36047001100","Census Tract 11; Kings County; New York",1558,241,166250,46398,886,239,170,101,0,13,296,78,1558,241,134,57,"Community Counseling and Mediation Inc","Youth and Family Consultation Center","25 Elm Place","2nd Floor","Brooklyn","NY",11201,"718-802-0666",NA,NA,NA,NA,"SA MH SUMH * OP * OMH * FLUPH HALOP PERPH TRIFL ARIPI OLANZ PALIP QUETI RISPE ZIPRA NRT NSC ANTPYCH * CBT CFT DBT GT IDD IPT TELE * PVTN * MC MD PI SF SI * TAY SE GL VET CJ CO HV TRMA PTSD SMI * STU * HS * TCC * SMOP * CHLD YAD ADLT SNR * SP FX * F17 F19 F36 F43 * VAPP * COOT DEC FPSY SH CM SPS",40.694,-73.9903,"360470011001003","36","047","001100",1003
"36047006200","Census Tract 62; Kings County; New York",2729,628,74698,14008,1817,650,46,37,0,13,371,187,2710,627,503,260,"VA NY Harbor Healthcare System","Brooklyn Campus","800 Poly Place",NA,"Brooklyn","NY",11209,"718-836-6600","718-836-6600 x3715",NA,NA,NA,"SA MH SUMH * OP PHDT RES * VAHC * CHLOR FLUPH HALOP LOXAP PERPH TRIFL ARIPI CARIP CLOZA LURAS OLANZ PALIP QUETI RISPE ZIPRA NRT NSC ANTPYCH * CBT CFT DBT GT IDD IPT TELE AIM * CIT PEON WI * FED VAMC * MI PI SF VAF * SE GL VET ADM CO HV TBI ALZ * STU * MST LABT * HS PEER * TCC * SMON * YAD ADLT SNR * VAPN * ACT COOT DEC FPSY ICM LAD PRS SEMP SH CM IPC SPS ES",40.6251,-74.0303,"360470062001001","36","047","006200",1001
"36047010200","Census Tract 102; Kings County; New York",5181,924,61643,3639,502,284,59,80,69,101,3282,894,5121,923,1089,421,"Family Health Center at NYU Langone","Sunset Terrace","514 49th Street",NA,"Brooklyn","NY",11220,"718-431-2600",NA,NA,NA,NA,"SA MH SUMH * OP * OMH * CHLOR DROPE FLUPH HALOP LOXAP PERPH PIMOZ PROCH THIOT THIOR TRIFL ARIPI ASENA BREXP CARIP CLOZA ILOPE LURAS OLANZ OLANZF PALIP QUETI RISPE ZIPRA NRT NSC ANTPYCH * CBT CFT DBT GT IDD IPT TELE AIM * PVTN * FQHC * CLF MC MD PI SF SI * PA SS * CO HV TRMA PEFP PTSD SED SMI * STU * MST LABT * PEER * TCC * SMON * CHLD YAD ADLT SNR * AH SP FX * F17 * VAPN * FPSY PRS CM IPC SPS",40.6412,-74.0133,"360470102003000","36","047","010200",3000
"36047010200","Census Tract 102; Kings County; New York",5181,924,61643,3639,502,284,59,80,69,101,3282,894,5121,923,1089,421,"NYU Langone Hospital/Brooklyn",NA,"150 55th Street","Suite 2950","Brooklyn","NY",11220,"718-630-7000","718-437-5210","718-630-7189",NA,NA,"SA MH SUMH * HI * IPSY * CHLOR DROPE FLUPH HALOP LOXAP PERPH PIMOZ PROCH THIOT THIOR TRIFL ARIPI ASENA BREXP CARIP CLOZA ILOPE LURAS OLANZ OLANZF PALIP QUETI RISPE ZIPRA NRT NSC ANTPYCH * AT CBT GT IDD IPT TELE * CIT PEON WI * PVTN * CLF MC MD MI OSF PI SF SI * STU * MST LABT * TCC * SMON * YAD ADLT SNR * AH SP FX * F4 F17 F31 F35 F42 F66 F70 F81 * VAPN * CDM COOT DEC FPSY IMR PRS VRS CM IPC SPS",40.6412,-74.0133,"360470102003000","36","047","010200",3000
"36047012901","Census Tract 129.01; Kings County; New York",2614,439,232530,37552,1627,420,308,162,0,13,252,119,2599,439,158,122,"ACQC Brooklyn Satellite",NA,"475 Atlantic Avenue","3rd Floor","Brooklyn","NY",11217,"718-896-2500","718-896-2500 x5735",NA,NA,NA,"SA MH SUMH * OP * OMH * FLUPH HALOP PERPH ARIPI BREXP LURAS OLANZ PALIP QUETI RISPE ZIPRA NRT NSC ANTPYCH * CBT CFT IDD IPT TELE * CIT * PVTN * MC MD PI SF SI SMHA * PA SS * GL HV * STU * HIVT STDT HBT HCT * PEER * TCC * SMOP * CHLD YAD ADLT SNR * AH * VAPP * COOT FPSY CM SPS",40.6816,-73.9798,"360470129012001","36","047","012901",2001
"36047012901","Census Tract 129.01; Kings County; New York",2614,439,232530,37552,1627,420,308,162,0,13,252,119,2599,439,158,122,"Spanish Spk Elderly Council/RAICES Inc","Raices Casa Bienestar","460 Atlantic Avenue","1st Floor","Brooklyn","NY",11217,"718-222-1518 x213","718-222-1518",NA,NA,NA,"SA MH SUMH * OP * OMH * HALOP ARIPI CLOZA LURAS OLANZ QUETI RISPE ANTPYCH * CBT DBT GT IDD IPT TELE * PVTN * MC MD PI SF * SS * SE GL CJ CO HV TRMA PEFP PTSD SMI * STU * TCC * SMON * YAD ADLT SNR * SP FX * F28 * VAPN * CDM COOT DEC FPSY IMR CM IPC",40.6816,-73.9798,"360470129012001","36","047","012901",2001
"36047019500","Census Tract 195; Kings County; New York",3506,425,110594,11827,1807,276,1244,477,8,12,53,47,3506,425,393,298,"Pesach Tikvah Hope Development Inc","Pesach Tikvah Family Services Center","365 Willoughby Avenue","3rd Floor","Brooklyn","NY",11205,"718-875-6900 x1100",NA,NA,NA,NA,"MH SUMH * OP * OMH * CHLOR HALOP ARIPI CARIP CLOZA LURAS OLANZ OLANZF QUETI RISPE ANTPYCH * AT CBT CFT DBT GT IDD IPT TELE * PVTN * MD PI SF SI SMHA VAF * TAY SE TRMA PTSD SED SMI * STU * PEER * TCC * SMON * CHLD YAD ADLT SNR * SP FX * F35 F70 * VAPN * COOT FPSY PRS VRS CM",40.6924,-73.9666,"360470195001000","36","047","019500",1000
"36047020300","Census Tract 203; Kings County; New York",2057,274,191083,43019,1255,233,260,103,5,9,165,85,2057,274,172,150,"Services for the Underserved","Wellness Works Clinic","1125 Fulton Street","2nd Floor","Brooklyn","NY",11238,"347-226-9025",NA,"877-583-5336",NA,NA,"SA MH SUMH * OP * CBHC * CHLOR FLUPH HALOP ARIPI CLOZA OLANZ QUETI RISPE ZIPRA NRT NSC ANTPYCH * AT CBT CFT DBT GT IDD IPT TELE AIM * CIT WI * PVTN * MC MD PI SF SI SMHA SWFS * CO PEFP SMI * STU * PEER * TCC * SMON * CHLD YAD ADLT SNR * SP FX * F70 * VAPN * AOT DEC FPSY PRS SEMP VRS CM SPS",40.679,-73.9644,"360470203001005","36","047","020300",1005
"36047024700","Census Tract 247; Kings County; New York",2839,438,63200,34166,834,261,1043,353,0,13,185,144,2812,432,775,211,"Family Center","LeeKong Health and Wellness Institute","493 Nostrand Avenue","3rd Floor","Brooklyn","NY",11216,"718-230-1379 x110","718-230-1379 x140",NA,NA,NA,"SA MH SUMH * OP * CBHC * ANTPYCH * AT CBT CFT DBT GT IDD IPT TELE * PVTN * CLF MC MD OSF PI SCJJ SEF SF SI SMHA SWFS * TAY SE VET CO HV TRMA PTSD SED SMI * STU * PEER * TCC * SMON * CHLD YAD ADLT SNR * SP * VAPN * COOT FPSY LAD CM IPC",40.6794,-73.9496,"360470247001002","36","047","024700",1002
"36047024700","Census Tract 247; Kings County; New York",2839,438,63200,34166,834,261,1043,353,0,13,185,144,2812,432,775,211,"Willow Behavioral Health","Osier Health","1130 Bedford Avenue","Suite 1061","Brooklyn","NY",11216,"646-814-1530",NA,NA,NA,NA,"SA MH SUMH * OP * OMH * CHLOR FLUPH HALOP LOXAP PERPH PIMOZ PROCH THIOT THIOR TRIFL ARIPI BREXP CARIP CLOZA ILOPE LURAS OLANZ OLANZF PALIP QUETI RISPE ZIPRA NRT NSC ANTPYCH * AT CBT CRT CFT DBT EMDR IDD IPT TELE * CIT PEON WI * PVTP * MHC * MC MD MI PI PCF SF SI * PA * TAY SE GL VET ADM MF CJ CO HV DV TRMA TBI ALZ PED PEFP PTSD SMI * STU * HS PEER * TCC * SMON * YAD ADLT SNR * AH SP NX FX * F4 F17 F19 F25 F28 F30 F31 F35 F36 F37 F42 F43 F47 F66 F67 F70 F81 F92 N24 N40 * VAPN * ACT COOT FPSY ICM SEMP CM IPC SPS ES",40.6794,-73.9496,"360470247001002","36","047","024700",1002
"36047025400","Census Tract 254; Kings County; New York",3145,848,83637,15371,1305,475,0,13,0,13,1463,532,3145,848,499,407,"Pesach Tikvah Hope Development Inc",NA,"5309 18th Avenue","4th Floor","Brooklyn","NY",11204,"718-705-5190",NA,NA,NA,NA,"MH SUMH * OP * OMH * CHLOR HALOP ARIPI CARIP CLOZA LURAS OLANZ OLANZF QUETI RISPE ANTPYCH * PVTN * MD SF * TAY SE TRMA PTSD SED SMI * STU * TCC * SMON * CHLD YAD ADLT SNR * VAPN * COOT FPSY",40.6179,-73.9856,"360470254003001","36","047","025400",3001
"36047029000","Census Tract 290; Kings County; New York",3232,355,55545,15781,1948,377,0,13,125,183,875,260,3232,355,921,319,"South Beach Psychiatric Center","Bensonhurst OP Clinic","8620 18th Avenue",NA,"Brooklyn","NY",11214,"718-256-8818",NA,NA,NA,NA,"SA MH SUMH * OP * OMH * CHLOR FLUPH HALOP LOXAP PERPH TRIFL ARIPI BREXP CARIP CLOZA ILOPE LURAS OLANZ OLANZF PALIP QUETI RISPE ZIPRA NRT NSC ANTPYCH * AT CBT CFT DBT GT IDD IPT TELE AIM * STG * MC MD PI SF SI SMHA * SE CO TRMA SMI * STU * MST LABT * PEER * TCC * SMON * YAD ADLT SNR * AH SP FX * F17 F19 * VAPN * AOT FPSY PRS VRS SPS",40.6016,-73.9968,"360470290003001","36","047","029000",3001
"36047030100","Census Tract 301; Kings County; New York",3172,654,110938,51342,570,416,2231,521,60,77,42,35,3155,647,706,308,"New York City Childrens Center","Brooklyn Campus","1819 Bergen Street",NA,"Brooklyn","NY",11233,"718-613-3100","718-264-4934","718-613-3055",NA,NA,"SA MH SUMH * PHDT * PH * NRT NSC ANTPYCH * CBT CRT CFT DBT GT IDD IPT TELE AIM * STG * MD PI SI SMHA * GL CO TRMA PTSD SED * STU * MST LABT * PEER * TCC * SMON * CHLD YAD * AH * VAPN * AOT COOT DEC FPSY ICM PRS CM SPS ES",40.6784,-73.9211,"360470301003001","36","047","030100",3001
"36047030100","Census Tract 301; Kings County; New York",3172,654,110938,51342,570,416,2231,521,60,77,42,35,3155,647,706,308,"New York City Childrens Center","Brooklyn Childrens Behav Health Clinic","1819 Bergen Street",NA,"Brooklyn","NY",11233,"718-613-3100","718-264-4697",NA,NA,NA,"SA MH * OP * OMH * NRT NSC ANTPYCH * CBT CRT CFT DBT GT IDD IPT TELE AIM * STG * MD PI SI SMHA * CO TRMA PTSD SED * STU * MST LABT * PEER * TCC * SMON * CHLD YAD * AH * VAPN * AOT COOT DEC FPSY PRS VRS CM SPS ES",40.6784,-73.9211,"360470301003001","36","047","030100",3001
"36047032600","Census Tract 326; Kings County; New York",8110,1158,37183,16078,1272,571,2859,687,96,132,1133,739,8032,1193,3640,828,"South Beach Psychiatric Center","Coney Island/Sheepshead Bay Clinic","626 Sheepshead Bay Road","3rd Floor, Room 300","Brooklyn","NY",11224,"718-946-2600",NA,NA,NA,NA,"SA MH SUMH * OP * OMH * CHLOR FLUPH HALOP LOXAP PERPH TRIFL ARIPI BREXP CARIP CLOZA ILOPE LURAS OLANZ OLANZF PALIP QUETI RISPE ZIPRA NRT NSC ANTPYCH * CBT CFT DBT GT IDD IPT TELE AIM * STG * MC MD PI SF SI SMHA * TAY SE CO TRMA PEFP SMI * STU * MST LABT * PEER * TCC * SMON * CHLD YAD ADLT SNR * AH SP FX * F70 * VAPN * AOT FPSY PRS VRS SPS",40.5767,-73.9884,"360470326005002","36","047","032600",5002
"36047033701","Census Tract 337.01; Kings County; New York",2710,629,61456,42812,1266,583,1039,341,0,13,8,16,2567,631,125,122,"Beverley Mack Harry","Consulting Services Inc","738 Crown Street","1st Floor","Brooklyn","NY",11213,"718-363-0100",NA,NA,NA,NA,"MH SUMH * OP * OMH * ANTPYCH * AT CBT CFT DBT GT IDD IPT TELE * PEON WI * PVTP * CLF MC MD MI OSF PI SCJJ SF SI SMHA SWFS VAF * SS * TAY SE GL VET HV DV TRMA TBI PTSD SED SMI * STU * PEER * TCC * SMOP * CHLD YAD ADLT SNR * VAPP * COOT DEC FPSY PRS TPC IPC SPS",40.67,-73.9367,"360470337012000","36","047","033701",2000
"36047033701","Census Tract 337.01; Kings County; New York",2710,629,61456,42812,1266,583,1039,341,0,13,8,16,2567,631,125,122,"One Brooklyn Health System","Interfaith Medical Center","1545 Atlantic Avenue","Center for Mental Health","Brooklyn","NY",11213,"718-613-4462 x3","718-613-4486",NA,NA,NA,"SA MH SUMH * HI OP * OMH * CHLOR FLUPH HALOP PERPH ARIPI ASENA BREXP CARIP CLOZA LURAS OLANZ OLANZF PALIP QUETI RISPE ZIPRA NRT NSC ANTPYCH * AT CBT CFT GT IDD IPT TELE AIM * CIT PEON WI * PVTN * MC MD MI PI SF SI * SS * TAY SE GL CO HV DV TRMA PEFP PTSD SED SMI * STU * MST LABT * TCC * SMON * CHLD YAD ADLT SNR * AH SP FX * F4 F19 F25 F28 * VAPN * CDM FPSY IPC SPS",40.67,-73.9367,"360470337012000","36","047","033701",2000
"36047040000","Census Tract 400; Kings County; New York",2656,612,56541,6078,1097,354,39,27,0,13,1301,573,2606,608,441,213,"Jewish Board of Family/Childrens Servs","Seymour Askin Counseling Center","2020 Coney Island Avenue",NA,"Brooklyn","NY",11223,"718-676-4280","844-663-2255",NA,NA,NA,"SA MH SUMH * OP * CBHC * CHLOR FLUPH HALOP LOXAP PERPH PIMOZ ARIPI CLOZA ILOPE LURAS OLANZ PALIP QUETI RISPE ZIPRA NRT NSC ANTPYCH * CBT CFT DBT GT IDD IPT TELE * CIT * PVTN * MC MD MI PI SCJJ SF SI SMHA SWFS VAF * PA SS * CO TRMA PTSD SMI * STU * TCC * SMPD * CHLD YAD ADLT SNR * AH SP FX * F19 F35 F70 * VPPD * COOT DEC FPSY PRS CM SPS",40.5979,-73.9743,"360470400001002","36","047","040000",1002
"36047043100","Census Tract 431; Kings County; New York",4065,777,86530,13275,1881,394,317,279,42,64,312,211,4065,777,317,180,"Coalition for Hispanic Family Services","Bonding Links/Enlazos Familiares MHC","315 Wyckoff Avenue","Suite 6","Brooklyn","NY",11237,"718-497-6090 x362","718-497-6090 x360","718-497-6090 x361",NA,NA,"MH SUMH * OP * OMH * CLOZA ILOPE RISPE ZIPRA ANTPYCH * AT CBT GT IPT * PVTN * MHC * CLF MD OSF SF * SS * TRMA PTSD SED * STU * SMON * CHLD * SP * VAPN * FPSY ICM TPC CM",40.7006,-73.918,"360470431001000","36","047","043100",1000
"36047045600","Census Tract 456; Kings County; New York",2207,448,83289,19449,1204,230,19,22,0,13,391,116,2207,448,301,124,"Ohel Kadimah Pros",NA,"1268 East 14th Street",NA,"Brooklyn","NY",11230,"718-686-3400",NA,NA,NA,NA,"MH SUMH * PHDT * PH * THIOR CLOZA OLANZ OLANZF RISPE NRT NSC ANTPYCH * AT CBT CFT DBT GT IDD IPT TELE * CIT * PVTN * MC MD SF * SE CO TRMA PTSD SMI * STU * HS PEER * TCC * SMOP * YAD ADLT SNR * VAPP * COOT DEC FPSY ICM IMR PRS SEMP VRS CM IPC SPS ES",40.6225,-73.965,"360470456001003","36","047","045600",1003
"36047045600","Census Tract 456; Kings County; New York",2207,448,83289,19449,1204,230,19,22,0,13,391,116,2207,448,301,124,"South Beach Psychiatric Center","Mapleton Outpatient Clinic","1083 McDonald Avenue",NA,"Brooklyn","NY",11230,"718-421-7444",NA,NA,NA,NA,"SA MH SUMH * OP * OMH * CHLOR FLUPH HALOP LOXAP PERPH TRIFL ARIPI BREXP CARIP CLOZA ILOPE LURAS OLANZ OLANZF PALIP QUETI RISPE ZIPRA NRT NSC ANTPYCH * AT CBT CFT DBT GT IDD IPT TELE AIM * STG * MC MD PI SF SI SMHA * SE CO TRMA SMI * STU * MST LABT * PEER * TCC * SMON * YAD ADLT SNR * AH SP FX * F70 * VAPN * AOT FPSY PRS VRS SPS",40.6225,-73.965,"360470456001003","36","047","045600",1003
"36047049400","Census Tract 494; Kings County; New York",4939,703,96791,15648,3363,703,448,143,0,13,523,246,4727,697,251,136,"Pesach Tikvah Hope Development Inc",NA,"4111 18th Avenue",NA,"Brooklyn","NY",11218,"718-875-6900",NA,NA,NA,NA,"MH SUMH * OP * OMH * CHLOR HALOP ARIPI CARIP CLOZA LURAS OLANZ OLANZF QUETI RISPE ANTPYCH * PVTN * MD SF * TAY SE TRMA PTSD SED SMI * STU * TCC * SMON * CHLD YAD ADLT SNR * VAPN * COOT FPSY",40.6424,-73.9758,"360470494003001","36","047","049400",3001
"36047050700","Census Tract 507; Kings County; New York",3899,828,54342,27713,3424,855,78,96,38,53,18,19,3899,828,1556,610,"Interborough Developmental and","Consultation Ctr/Williamsburg Clinic","790 Broadway","Floor 1","Brooklyn","NY",11206,"718-388-5176",NA,NA,NA,NA,"SA MH SUMH * OP * OMH * CHLOR FLUPH HALOP LOXAP PERPH PIMOZ PROCH THIOT THIOR TRIFL ARIPI BREXP CARIP CLOZA ILOPE LURAS OLANZ OLANZF PALIP QUETI RISPE ZIPRA ANTPYCH * CBT CFT DBT GT IPT TELE * WI * PVTN * FQHC * FG MC MD PI SF SI * TAY SE CJ TRMA PTSD SED SMI * STU * TCC * SMON * CHLD YAD ADLT SNR * AH SP FX * F4 F17 F19 F28 F36 F42 F70 * VAPN * AOT COOT FPSY CM SPS",40.7012,-73.9436,"360470507001011","36","047","050700",1011
"36047050700","Census Tract 507; Kings County; New York",3899,828,54342,27713,3424,855,78,96,38,53,18,19,3899,828,1556,610,"Pesach Tikvah Hope Development Inc",NA,"640 Broadway",NA,"Brooklyn","NY",11206,"718-875-6900",NA,NA,NA,NA,"MH SUMH * OP * OMH * CHLOR HALOP ARIPI CARIP CLOZA LURAS OLANZ OLANZF QUETI RISPE ANTPYCH * PVTN * MD SF * TAY SE TRMA PTSD SED SMI * STU * TCC * SMON * CHLD YAD ADLT SNR * VAPN * COOT FPSY",40.7012,-73.9436,"360470507001011","36","047","050700",1011
"36047050700","Census Tract 507; Kings County; New York",3899,828,54342,27713,3424,855,78,96,38,53,18,19,3899,828,1556,610,"Puerto Rican Family Institute Inc","Brooklyn Mental Health Clinic","- - -",NA,"Brooklyn","NY",11206,"718-963-4430","212-229-6972 x1972",NA,NA,NA,"MH SUMH * OP * OMH * ARIPI CLOZA QUETI RISPE ANTPYCH * CBT CFT GT IPT TELE * CIT * PVTN * MC MD PI SF SI * TRMA * STU * PEER * TCC * SMPD * CHLD YAD ADLT * SP * VAPN * CM",40.7012,-73.9436,"360470507001011","36","047","050700",1011
"36047052700","Census Tract 527; Kings County; New York",6518,995,61563,23745,2575,757,550,338,104,121,613,677,6512,995,1004,431,"Nao Medical",NA,"308 Graham Avenue",NA,"Brooklyn","NY",11211,"917-970-2493",NA,NA,NA,NA,"SA MH SUMH * OP * OMH * NRT NSC ANTPYCH * CBT IDD IPT KIT TELE * PEOFF * PVTP * MC MD PI SF SI * TAY SE GL VET ADM MF CO HV DV TRMA ALZ PED PEFP PTSD SMI * STU * HIVT STDT TBS MST HBT HCT LABT * TCC * SMON * CHLD YAD ADLT SNR * SP FX * F36 * VAPN * AOT CDM DEC IMR IPC",40.7095,-73.9563,"360470527005001","36","047","052700",5001
"36047060800","Census Tract 608; Kings County; New York",3930,542,68349,28283,2503,516,88,48,0,13,790,323,3851,541,561,168,"Coney Island Hospital","Department of Behavioral Health","2601 Ocean Parkway",NA,"Brooklyn","NY",11235,"718-616-5327","718-616-5321","718-616-5333",NA,NA,"SA MH SUMH * HI OP * OMH * FLUPH HALOP THIOR ARIPI CLOZA LURAS OLANZ OLANZF PALIP QUETI RISPE NRT NSC ANTPYCH * AT CBT CRT CFT DBT GT IDD IPT TELE AIM * CIT PEON PEOFF WI * STG * CLF MC MD MI OSF PI SF SI SMHA SWFS VAF * SS * TAY SE GL VET CO HV DV TRMA PEFP PTSD SED SMI * STU * MST LABT * HS PEER * TCC * SMOP * CHLD YAD ADLT SNR * AH SP FX * F4 F19 F30 F35 F42 F47 F70 * VPPD * ACT COOT DEC FPSY ICM LAD PRS SEMP VRS CM IPC SPS ES",40.5839,-73.9536,"360470608003004","36","047","060800",3004
"36047074200","Census Tract 742; Kings County; New York",3075,473,71940,13387,1391,427,1096,265,0,13,130,55,3075,473,399,232,"Catholic Charities Neighborhood Servs","Flatbush Behavioral Health Center","1623 Flatbush Avenue",NA,"Brooklyn","NY",11210,"718-377-5755",NA,NA,NA,NA,"SA MH SUMH * OP * CBHC * CHLOR FLUPH HALOP LOXAP PERPH ARIPI CARIP CLOZA OLANZF QUETI RISPE ZIPRA NRT NSC ANTPYCH * AT CBT CFT GT IDD IPT TELE * CIT PEON PEOFF * PVTN * CMHG MC MD PI PCF SF SI SMHA SWFS * VET CO SMI * STU * PEER * TCC * SMON * CHLD YAD ADLT SNR * VAPN * COOT CM SPS",40.6281,-73.9467,"360470742002000","36","047","074200",2000
"36047086000","Census Tract 860; Kings County; New York",3101,672,73450,11747,5,2,2845,696,0,13,0,13,3100,672,232,131,"Health and Hospitals/Kings","Kings City Hosp Child/Adol Clinic","451 Clarkson Avenue","Building R, 7th Floor","Brooklyn","NY",11203,"718-245-2520",NA,NA,NA,NA,"MH SUMH * OP * OMH * HALOP ARIPI CLOZA PALIP RISPE NRT NSC ANTPYCH * AT CBT CFT GT IPT TELE AIM * CIT PEON WI * LCCG * MD PI SF SI SWFS * PA SS * SED * STU * HIVT STDT TBS MST LABT * PEER * TCC * SMON * CHLD YAD * AH SP FX * F19 * VAPN * AOT COOT FPSY CM SPS",40.6505,-73.9349,"360470860003000","36","047","086000",3000
"36047086000","Census Tract 860; Kings County; New York",3101,672,73450,11747,5,2,2845,696,0,13,0,13,3100,672,232,131,"Interborough Developmental and","Consultation Ctr/Crown Heights Clinic","921 East New York Avenue",NA,"Brooklyn","NY",11203,"718-778-0485",NA,NA,NA,NA,"SA MH SUMH * OP * OMH * CHLOR HALOP THIOR ANTPYCH * CBT CFT DBT GT IDD IPT * CIT PEON WI * PVTN * CLF MC MD MI OSF PI SCJJ SEF SF SI SMHA SWFS VAF * PA SS * TAY SE GL VET ADM MF CJ CO HV TRMA PED PTSD SED SMI * STU * PEER * TCC * SMON * CHLD YAD ADLT SNR * SP FX * F4 F17 F19 F25 F28 F35 F36 F70 * VAPN * COOT DEC FPSY PRS CM SPS",40.6505,-73.9349,"360470860003000","36","047","086000",3000
"36047086000","Census Tract 860; Kings County; New York",3101,672,73450,11747,5,2,2845,696,0,13,0,13,3100,672,232,131,"Kingsboro Psychiatric Center",NA,"681 Clarkson Avenue","Building 19, Room 102","Brooklyn","NY",11203,"718-221-7900","718-257-7780",NA,NA,NA,"MH SUMH * OP * OMH * FLUPH HALOP PERPH ARIPI CLOZA LURAS OLANZ OLANZF PALIP QUETI RISPE ZIPRA NRT NSC ANTPYCH * AT CBT DBT GT IPT AIM * STG * FQHC * MC MD PI SCJJ SI SMHA SWFS * PA * SE VET CJ CO PEFP PTSD SMI * STU * SMOP * YAD ADLT SNR * VAPP",40.6505,-73.9349,"360470860003000","36","047","086000",3000
"36047086000","Census Tract 860; Kings County; New York",3101,672,73450,11747,5,2,2845,696,0,13,0,13,3100,672,232,131,"League School",NA,"567 Kingston Avenue",NA,"Brooklyn","NY",11203,"718-498-2500","718-498-2500 x152","718-498-2500 x130",NA,NA,"MH * OP PHDT * PH * AT GT IPT TELE * PEON * PVTN * MD PI SEF SMHA * PA * SED * STU * TCC * SMON * CHLD YAD * SP FX * F4 F19 F28 F35 * VAPN * FPSY CM SPS ES",40.6505,-73.9349,"360470860003000","36","047","086000",3000
"36047086000","Census Tract 860; Kings County; New York",3101,672,73450,11747,5,2,2845,696,0,13,0,13,3100,672,232,131,"NYC Health and Hospital/Kings","KCHC/BH/Adult Inpatient Services","451 Clarkson Avenue","Building R","Brooklyn","NY",11203,"718-245-2751",NA,"718-245-2310",NA,NA,"SA MH SUMH * HI * IPSY * CHLOR FLUPH HALOP LOXAP PERPH ARIPI CLOZA LURAS OLANZ PALIP QUETI RISPE ZIPRA NRT NSC ANTPYCH * AT CBT CFT DBT GT IDD IPT TELE AIM * CIT PEON WI * LCCG * MC MD PI SF SI * PA SS * STU * HIVT STDT TBS MST LABT * PEER * TCC * SMON * YAD ADLT SNR * AH SP FX * F19 * VAPN * AOT COOT FPSY CM IPC SPS",40.6505,-73.9349,"360470860003000","36","047","086000",3000
"36047086000","Census Tract 860; Kings County; New York",3101,672,73450,11747,5,2,2845,696,0,13,0,13,3100,672,232,131,"NYC Health and Hospital/Kings","KCHC/BH/Adult Outpatient Services","451 Clarkson Avenue","Building R","Brooklyn","NY",11203,"718-245-2704","718-245-2727",NA,NA,NA,"SA MH SUMH * OP * OMH * FLUPH HALOP ARIPI CLOZA PALIP RISPE NRT NSC ANTPYCH * AT CBT CFT DBT GT IDD IPT TELE AIM * CIT PEON WI * LCCG * MC MD PI SF SI * PA SS * TAY PEFP SMI * STU * HIVT STDT TBS MST LABT * PEER * TCC * SMON * YAD ADLT SNR * AH SP FX * F4 F19 * VAPN * AOT COOT FPSY CM IPC SPS",40.6505,-73.9349,"360470860003000","36","047","086000",3000
"36047086000","Census Tract 860; Kings County; New York",3101,672,73450,11747,5,2,2845,696,0,13,0,13,3100,672,232,131,"NYC/HHC Kings County Hospital Center","KCHC Child/Adolescent Psych IP Servs","451 Clarkson Avenue","Building R","Brooklyn","NY",11203,"718-245-2751",NA,NA,NA,NA,"MH SUMH * HI * IPSY * CHLOR FLUPH HALOP LOXAP PERPH ARIPI CLOZA LURAS OLANZ PALIP QUETI RISPE ZIPRA NRT NSC ANTPYCH * AT CBT CFT GT IDD IPT TELE AIM * CIT PEON WI * LCCG * MD PI SF SI SWFS * PA SS * SED * STU * HIVT STDT TBS MST LABT * PEER * TCC * SMON * CHLD YAD * AH SP FX * F19 * VAPN * AOT COOT FPSY CM IPC SPS",40.6505,-73.9349,"360470860003000","36","047","086000",3000
"36047086000","Census Tract 860; Kings County; New York",3101,672,73450,11747,5,2,2845,696,0,13,0,13,3100,672,232,131,"NYC/HHC Kings County Hospital Center","Kings County Hospital CPEP","451 Clarkson Avenue","Building R","Brooklyn","NY",11203,"718-245-2310",NA,NA,NA,NA,"SA MH SUMH * HI OP * IPSY * CHLOR FLUPH HALOP LOXAP PERPH ARIPI CLOZA LURAS OLANZ PALIP QUETI RISPE ZIPRA NRT NSC ANTPYCH * AT CBT CFT GT IDD IPT TELE AIM * CIT PEON PEOFF WI * LCCG * MC MD PI SF SI * PA SS * TAY SE CO SED SMI * STU * HIVT STDT TBS MST LABT * PEER * TCC * SMON * CHLD YAD ADLT SNR * AH SP FX * F19 * VAPN * AOT COOT FPSY CM IPC SPS",40.6505,-73.9349,"360470860003000","36","047","086000",3000
"36047086000","Census Tract 860; Kings County; New York",3101,672,73450,11747,5,2,2845,696,0,13,0,13,3100,672,232,131,"NYC H/H Kings County Hospital Center","Partial Hospitalization Program KCHC","451 Clarkson Avenue","Building R","Brooklyn","NY",11203,"718-245-4956",NA,NA,NA,NA,"SA MH SUMH * OP PHDT * PH * FLUPH HALOP ARIPI CLOZA PALIP RISPE NRT NSC ANTPYCH * AT CBT CFT GT IDD IPT TELE AIM * CIT PEON WI * LCCG * MC MD PI SF SI * PA SS * SMI * STU * HIVT STDT TBS MST LABT * PEER * TCC * SMON * YAD ADLT SNR * AH SP FX * F19 * VAPN * AOT COOT FPSY CM SPS",40.6505,-73.9349,"360470860003000","36","047","086000",3000
"36047089800","Census Tract 898; Kings County; New York",2238,665,76726,26899,101,99,1406,280,0,13,0,13,2238,665,299,157,"Brookdale Hospital Medical Center","Department of Psychiatry","1 Brookdale Plaza","12th Floor","Brooklyn","NY",11212,"718-240-6330","718-240-6168",NA,NA,NA,"SA MH SUMH * HI OP * IPSY * HALOP ARIPI BREXP CLOZA LURAS OLANZ PALIP QUETI RISPE NRT NSC ANTPYCH * AT CBT CFT GT IDD IPT TELE AIM * CIT PEON PEOFF WI * PVTN * CLF MC MD PI SF SI * PA SS * TAY SE GL CO HV TRMA PEFP PTSD SED SMI * STU * MST LABT * TCC * SMON * CHLD YAD ADLT SNR * AH SP FX * F4 F17 F19 F25 F28 F36 F47 F70 F81 * VAPN * COOT DEC FPSY IPC SPS",40.6625,-73.9145,"360470898002000","36","047","089800",2000
"36047096600","Census Tract 966; Kings County; New York",2480,550,67018,7528,17,16,1747,482,0,13,87,88,2450,559,559,323,"Interborough Developmental and","Consultation Center/Canarsie Csl Ctr","9413 Flatlands Avenue","Suite 001-E","Brooklyn","NY",11236,"718-272-1600 x111",NA,NA,NA,NA,"MH SUMH * OP * CMHC * CHLOR DROPE HALOP LOXAP ARIPI CLOZA OLANZ RISPE ANTPYCH * CBT CFT DBT IDD IPT TELE * PEON WI * PVTN * MC MD PI SF SI SMHA SWFS * PA SS * TAY SE GL VET CO TRMA PTSD SED SMI * STU * SMPD * CHLD YAD ADLT SNR * SP FX * F4 F19 F28 F35 F36 F70 * VAPN * COOT FPSY SPS",40.6407,-73.9028,"360470966002004","36","047","096600",2004
"36047096600","Census Tract 966; Kings County; New York",2480,550,67018,7528,17,16,1747,482,0,13,87,88,2450,559,559,323,"Kingsboro Psychiatric Center","Canarsie Mental Health Clinic","9801 Foster Avenue",NA,"Brooklyn","NY",11236,"718-257-7780",NA,NA,NA,NA,"MH SUMH * OP * OMH * FLUPH HALOP PERPH ARIPI CLOZA LURAS OLANZ OLANZF PALIP QUETI RISPE ZIPRA NRT NSC ANTPYCH * AT GT IPT AIM * STG * MC MD PI SCJJ SI SMHA SWFS * PA * SE VET CJ CO PEFP PTSD SMI * STU * LABT * PEER * SMOP * YAD ADLT SNR * VAPP * AOT COOT ICM PRS VRS CM SPS",40.6407,-73.9028,"360470966002004","36","047","096600",2004
"36047115800","Census Tract 1158; Kings County; New York",2644,643,62538,26556,160,129,1663,556,0,13,40,60,2644,643,519,205,"Coalition for Hispanic Family Services","Bonding Links Enlazos Familiares CCR","63 Schaefer Street",NA,"Brooklyn","NY",11207,"718-443-5875",NA,NA,NA,NA,"MH SUMH * RES * RTCC * CBT GT * PVTN * CLF MD OSF * TRMA PTSD SED * STU * SMON * CHLD * SP * VAPN * FPSY ICM PRS CM",40.6705,-73.894,"360471158001003","36","047","115800",1003
"36047115800","Census Tract 1158; Kings County; New York",2644,643,62538,26556,160,129,1663,556,0,13,40,60,2644,643,519,205,"New York Psychotherapy Counseling Ctr","Bushwick Child/Family MH Center","102 Pilling Street",NA,"Brooklyn","NY",11207,"718-553-1100",NA,NA,NA,NA,"MH SUMH * OP * OMH * CHLOR FLUPH HALOP LOXAP PERPH TRIFL ARIPI ASENA BREXP CARIP CLOZA ILOPE LURAS OLANZ OLANZF PALIP QUETI RISPE ZIPRA NRT NSC ANTPYCH * AT CBT CFT DBT IDD IPT TELE * PVTN * MC MD SI * TAY SE GL CO TRMA PTSD SED SMI * STU * MST LABT * TCC * SMPD * CHLD YAD ADLT SNR * AH SP FX * F4 F17 F19 F28 F36 F47 * VPPD * AOT COOT FPSY CM SPS",40.6705,-73.894,"360471158001003","36","047","115800",1003
"36047119600","Census Tract 1196; Kings County; New York",5712,785,50563,8656,956,441,2627,713,0,19,897,471,5697,785,1450,554,"New York Psychotherapy Counseling Ctr","East NY Child Family MH Center","2857 Linden Boulevard",NA,"Brooklyn","NY",11208,"718-235-3100",NA,NA,NA,NA,"MH SUMH * OP * OMH * CHLOR FLUPH HALOP LOXAP PERPH TRIFL ARIPI ASENA BREXP CARIP CLOZA ILOPE LURAS OLANZ OLANZF PALIP QUETI RISPE ZIPRA NRT NSC ANTPYCH * AT CBT CFT DBT IDD IPT TELE AIM * PVTN * MHC * MC MD SI * TAY SE GL CO DV TRMA PTSD SED SMI * STU * MST LABT * TCC * SMPD * CHLD YAD ADLT SNR * AH SP FX * F19 F28 * VPPD * AOT COOT FPSY CM SPS",40.6762,-73.8736,"360471196002003","36","047","119600",2003
"36061001401","Census Tract 14.01; New York County; New York",3165,508,89873,25259,2260,447,96,71,0,13,251,142,3118,508,162,83,"Lower Eastside Service Center","Continuing Day Treatment Program","46 East Broadway","2nd Floor","New York","NY",10002,"212-343-3520",NA,"212-343-3563",NA,NA,"MH * OP * OMH * ANTPYCH * AT CBT CFT GT IPT TELE * PEON * PVTN * MC MD PI SF * SS * SMI * STU * MST LABT * TCC * SMON * YAD ADLT SNR * VAPN * DEC FPSY ICM PRS CM SPS",40.7152,-73.9877,"360610014011000","36","061","001401",1000
"36061001401","Census Tract 14.01; New York County; New York",3165,508,89873,25259,2260,447,96,71,0,13,251,142,3118,508,162,83,"Lower Eastside Service Center","Dual Recovery Services","46 East Broadway","6th Floor","New York","NY",10002,"212-343-3520",NA,"212-343-3522",NA,NA,"SA MH * OP * CHLOR FLUPH HALOP LOXAP PERPH PIMOZ PROCH THIOT THIOR TRIFL ARIPI ASENA BREXP CARIP CLOZA ILOPE LURAS OLANZ OLANZF PALIP QUETI RISPE ZIPRA NRT ANTPYCH * CBT GT IDD IPT TELE * PVTN * MD SF * PA SS * CO * STU * PEER * TCC * SMON * YAD ADLT SNR * VAPN * COOT SPS",40.7152,-73.9877,"360610014011000","36","061","001401",1000
"36061001401","Census Tract 14.01; New York County; New York",3165,508,89873,25259,2260,447,96,71,0,13,251,142,3118,508,162,83,"University Settlement Society of NY","Victory Guild Consultation Center","184 Eldridge Street",NA,"New York","NY",10002,"212-453-4522",NA,NA,NA,NA,"MH SUMH * OP * OMH * CHLOR FLUPH HALOP LOXAP PERPH PIMOZ PROCH THIOT THIOR TRIFL CLOZA ILOPE OLANZF RISPE ZIPRA ANTPYCH * AT CBT CFT DBT GT IPT TELE * PVTN * CLF CMHG MC MD OSF PI PCF SCJJ SEF SF SI SMHA SWFS * TAY SE GL VET CJ TRMA PTSD SED SMI * STU * MST LABT * PEER * TCC * SMON * CHLD YAD ADLT SNR * SP FX * F17 F19 F28 F35 F36 F42 F66 F70 * VAPN * CDM COOT DEC FPSY CM SPS",40.7152,-73.9877,"360610014011000","36","061","001401",1000
"36061002800","Census Tract 28; New York County; New York",6364,944,52305,16613,2433,666,338,157,0,19,1357,458,6319,946,1527,520,"Community Access","East Village Access PROS","242 East 2nd Street",NA,"New York","NY",10009,"212-780-9008 x7204","212-780-9008 x7219",NA,NA,NA,"SA MH SUMH * OP PHDT * OMH * NSC ANTPYCH * AT CBT DBT GT IDD TELE * PVTN * MC MD SMHA * CO TRMA PTSD SMI * STU * MST LABT * PEER * TCC * SMOP * YAD ADLT SNR * VAPP * FPSY PRS SEMP VRS SPS",40.7262,-73.9796,"360610028003001","36","061","002800",3001
"36061002800","Census Tract 28; New York County; New York",6364,944,52305,16613,2433,666,338,157,0,19,1357,458,6319,946,1527,520,"Ryan Health","NENA","279 East 3rd Street",NA,"New York","NY",10009,"212-769-7200 x7843","212-477-8500 x7843",NA,NA,NA,"MH SUMH * OP * OMH * ARIPI CLOZA LURAS OLANZ RISPE ANTPYCH * AT CBT CFT DBT GT IPT TELE AIM * PVTN * FQHC * MC MD PI PCF SF * PA SS * TAY SE TRMA SED SMI * STU * LABT * TCC * SMOP * CHLD YAD ADLT SNR * SP FX * F28 * VAPP * FPSY CM SPS ES",40.7262,-73.9796,"360610028003001","36","061","002800",3001
"36061003100","Census Tract 31; New York County; New York",2667,315,190769,46452,1299,274,312,109,0,13,704,251,1532,320,198,91,"Center for Hearing and Communications",NA,"50 Broadway","6th Floor","New York","NY",10004,"917-305-7739",NA,"917-305-7700",NA,NA,"MH * OP * OMH * CHLOR FLUPH HALOP ARIPI CLOZA OLANZ OLANZF RISPE ANTPYCH * CBT CFT DBT GT IPT TELE * CIT * PVTN * MC MD OSF PI PCF SF SI SMHA * SS * TAY SE GL VET CJ HV DV TRMA TBI PED PTSD SMI * STU * TCC * SMOP * CHLD YAD ADLT SNR * AH * VAPP * COOT FPSY",40.7143,-74.006,"360610031002003","36","061","003100",2003
"36061004200","Census Tract 42; New York County; New York",5243,347,163750,39156,2874,359,351,127,11,20,1284,255,2447,335,293,212,"Saint Marks Place Institute for MH Inc",NA,"57 Saint Marks Place","1st, 2nd and 3rd Floors","New York","NY",10003,"212-982-3470 x125","212-982-3470",NA,NA,NA,"SA MH SUMH * OP * OMH * CHLOR HALOP LOXAP PROCH TRIFL ARIPI ASENA BREXP CARIP CLOZA ILOPE LURAS OLANZ OLANZF PALIP QUETI RISPE ZIPRA NRT NSC ANTPYCH * CBT CFT DBT GT IDD IPT KIT TMS TELE * PVTN * MC MD PI SF SI * TAY SE GL VET CJ CO HV DV TRMA TBI PEFP PTSD SMI * STU * HIVT STDT TBS MST HBT HCT LABT * PEER * TCC * SMON * CHLD YAD ADLT SNR * AH SP FX * F66 F70 * VAPN * AOT CDM COOT FPSY IMR IPC SPS",40.7313,-73.9892,"360610042001000","36","061","004200",1000
"36061006400","Census Tract 64; New York County; New York",7513,1070,118201,24547,5590,787,610,604,0,19,824,308,7204,1071,1141,642,"VA NY Harbor Healthcare System","Manhattan Campus","423 East 23rd Street",NA,"New York","NY",10010,"212-686-7500",NA,NA,NA,NA,"SA MH SUMH * HI OP * VAHC * CHLOR FLUPH HALOP LOXAP PERPH TRIFL ARIPI CARIP CLOZA LURAS OLANZ PALIP QUETI RISPE ZIPRA NRT NSC ANTPYCH * CBT CFT DBT ECT GT IDD IPT TELE AIM * CIT PEON WI * FED VAMC * MI PI SF VAF * SE GL VET ADM CO HV TBI ALZ PED * STU * MST LABT * HS PEER * TCC * SMON * YAD ADLT SNR * VAPN * ACT COOT DEC FPSY ICM LAD PRS SEMP SH CM IPC SPS ES",40.7375,-73.9813,"360610064001001","36","061","006400",1001
"36061007002","Census Tract 70.02; New York County; New York",3657,659,143183,27168,2375,573,267,274,0,13,729,273,3657,659,324,121,"NYU Langone Hospitals","Inpatient Psychiatric Unit","550 1st Avenue","10th Floor","New York","NY",10016,"212-263-5420",NA,NA,NA,NA,"MH SUMH * HI * IPSY * CHLOR FLUPH HALOP PERPH ARIPI BREXP CARIP CLOZA LURAS OLANZ OLANZF QUETI RISPE ZIPRA NRT NSC ANTPYCH * AT ECT GT IDD IPT * CIT PEON WI * PVTN * CLF MC MD OSF PI SF SI * STU * HIVT STDT TBS MST HBT HCT LABT * TCC * SMON * YAD ADLT SNR * AH * VAPN * CDM COOT DEC IMR PRS IPC SPS",40.7443,-73.9781,"360610070024000","36","061","007002",4000
"36061007002","Census Tract 70.02; New York County; New York",3657,659,143183,27168,2375,573,267,274,0,13,729,273,3657,659,324,121,"NYU Langone Hospitals","Tisch Hosp Inpatient Psychiatric Unit","530 1st Avenue","10th Floor","New York","NY",10016,"212-263-5567",NA,NA,NA,NA,"MH SUMH * HI * IPSY * CHLOR FLUPH HALOP PERPH ARIPI BREXP CARIP CLOZA LURAS OLANZ OLANZF QUETI RISPE ZIPRA NRT NSC ANTPYCH * AT CBT DBT ECT GT IDD IPT * CIT PEON WI * PVTN * CLF MC MD OSF PI SF SI * STU * HIVT STDT TBS MST HBT HCT LABT * TCC * SMON * YAD ADLT SNR * AH * VAPN * CDM COOT DEC IMR PRS IPC SPS",40.7443,-73.9781,"360610070024000","36","061","007002",4000
"36061007002","Census Tract 70.02; New York County; New York",3657,659,143183,27168,2375,573,267,274,0,13,729,273,3657,659,324,121,"Steven A Cohen Military Family Clinic","NYU Langone Health","- - -",NA,"New York","NY",10016,"855-698-4677",NA,NA,NA,NA,"SA MH SUMH * OP * OMH * NRT NSC * CBT CRT CFT DBT GT IDD IPT TELE * PVTN * CLF PCF * TAY SE GL VET MF CO TRMA TBI PTSD * STU * TCC * SMON * CHLD YAD ADLT SNR * AH * VAPN * FPSY SPS",40.7443,-73.9781,"360610070024000","36","061","007002",4000
"36061007300","Census Tract 73; New York County; New York",5683,807,146964,49369,4539,689,155,202,0,19,354,282,5683,807,504,291,"Greenwich House Inc","The Center for Resiliency and Wellness","27 Barrow Street","3rd Floor","New York","NY",10014,"212-242-4140 x251",NA,"212-242-4140 x249",NA,NA,"SA MH SUMH * OP * OMH * PERPH ARIPI QUETI ANTPYCH * CBT CFT DBT EMDR GT IDD IPT TELE AIM * WI * PVTN * MHC * CLF MC MD PI SF * SS * TAY SE GL VET CO HV DV TRMA PED PTSD SED SMI * STU * TCC * SMPD * CHLD YAD ADLT SNR * SP FX * F17 F28 F35 F70 * VPPD * FPSY CM SPS",40.7339,-74.0054,"360610073001002","36","061","007300",1002
"36061008100","Census Tract 81; New York County; New York",6639,1094,156265,28610,5392,1029,133,97,0,19,471,248,6586,1094,347,139,"Puerto Rican Family Institute","Manhattan Mental Health Clinic","145 West 15th Street","5th Floor","New York","NY",10011,"212-229-6905","212-229-6942 x1972",NA,NA,NA,"MH SUMH * OP * OMH * CHLOR FLUPH HALOP PERPH THIOR ARIPI CLOZA LURAS OLANZ PALIP QUETI RISPE ZIPRA NSC ANTPYCH * CBT CFT GT IPT TELE * PEON WI * PVTN * FG MC MD PI SF SI * SS * TRMA PTSD * STU * PEER * TCC * SMON * CHLD YAD ADLT SNR * SP * VAPN * COOT FPSY CM SPS",40.7402,-73.9996,"360610081005000","36","061","008100",5000
"36061009000","Census Tract 90; New York County; New York",6947,1031,149063,23799,4909,989,231,213,0,19,1488,430,6947,1031,540,258,"YAI","Center for Specialty Therapy","- - -",NA,"New York","NY",10017,"212-273-6100 x6244","212-273-6272 x0",NA,NA,NA,"MH * OP * OMH * CBT CFT GT IDD IPT TELE * PVTN * MC MD OSF PI SF SI * SMON * CHLD YAD ADLT SNR * SP FX * F17 F70 * VAPN * DEC FPSY",40.7517,-73.9707,"360610090001000","36","061","009000",1000
"36061009700","Census Tract 97; New York County; New York",4565,568,67218,19328,2294,475,343,324,0,13,759,326,4551,568,570,224,"Blanton Peale Counseling Center","Blanton Peale Institute","7 West 30th Street","9th and 10th Floors","New York","NY",10001,"212-725-7850","212-725-7850 x119",NA,NA,NA,"MH * OP * OMH * ANTPYCH * CBT CFT EMDR IDD IPT TELE * PVTN * MC MD PI PCF SF * SS * TAY SE GL DV PTSD * SMON * CHLD YAD ADLT SNR * SP FX * F47 * VAPN * SPS",40.7484,-73.9967,"360610097001002","36","061","009700",1002
"36061009700","Census Tract 97; New York County; New York",4565,568,67218,19328,2294,475,343,324,0,13,759,326,4551,568,570,224,"Hudson Guild Counseling Service",NA,"441 West 26th Street",NA,"New York","NY",10001,"212-760-9822",NA,NA,NA,NA,"MH SUMH * OP * OMH * ARIPI RISPE ANTPYCH * CBT DBT IPT TELE * PVTN * MC MD PI SF SI * STU * TCC * SMON * CHLD YAD ADLT SNR * SP * VAPN * FPSY",40.7484,-73.9967,"360610097001002","36","061","009700",1002
"36061009700","Census Tract 97; New York County; New York",4565,568,67218,19328,2294,475,343,324,0,13,759,326,4551,568,570,224,"Postgraduate Center for Mental Health","Center for Adult Psychotherapy","213 West 35th Street","4th Floor","New York","NY",10001,"212-665-1860","212-576-4104",NA,NA,NA,"MH SUMH * OP * OMH * CHLOR DROPE FLUPH HALOP LOXAP PERPH PROCH THIOT ARIPI CLOZA LURAS OLANZ OLANZF PALIP ANTPYCH * CBT CFT GT IPT TELE * PVTN * MC MD PI SF SI * SMON * YAD ADLT SNR * AH SP * VAPN * AOT",40.7484,-73.9967,"360610097001002","36","061","009700",1002
"36061011100","Census Tract 111; New York County; New York",4899,666,102297,31919,2577,606,240,177,25,41,1500,365,4899,666,674,198,"Community Counseling Mediation Inc","Manhattan Clinic","15 West 39th Street","2nd Floor","New York","NY",10018,"212-564-6006","718-802-0666",NA,NA,NA,"SA MH SUMH * OP * OMH * HALOP ARIPI OLANZ QUETI RISPE NRT NSC ANTPYCH * CBT CFT DBT GT IDD IPT * CIT * PVTN * MC MD PI SF * TAY SE GL VET CJ CO HV DV TRMA TBI PEFP PTSD SED SMI * STU * TCC * SMOP * CHLD YAD ADLT SNR * SP FX * F17 * VAPP * COOT CM SPS",40.7547,-73.9925,"360610111001000","36","061","011100",1000
"36061011100","Census Tract 111; New York County; New York",4899,666,102297,31919,2577,606,240,177,25,41,1500,365,4899,666,674,198,"Shiloh Consulting LLC","Outpatient Clinic","566 Fashion Avenue","Floor 4","New York","NY",10018,"212-564-7631",NA,NA,NA,NA,"SA MH SUMH * OP * OMH * FLUPH HALOP ARIPI CLOZA OLANZ PALIP NRT ANTPYCH * CBT CFT DBT GT IDD IPT TELE * PVTP * MHC * CLF MC MD PI SF SI SMHA * SS * SE GL VET CJ CO HV TRMA PEFP PTSD SMI * STU * SMOP * YAD ADLT SNR * SP * VAPP * COOT FPSY SPS",40.7547,-73.9925,"360610111001000","36","061","011100",1000
"36061011800","Census Tract 118; New York County; New York",9510,898,159134,26452,7764,1070,82,80,0,19,1327,668,9496,898,823,421,"Karen Horney Clinic Inc",NA,"329 East 62nd Street",NA,"New York","NY",10065,"212-838-4333","212-838-4333 x137",NA,NA,NA,"SA MH SUMH * OP * OMH * PERPH ARIPI BREXP OLANZ OLANZF QUETI RISPE ZIPRA NRT NSC ANTPYCH * IPT TELE * PVTN * MC MD PI SF SI * TAY SE GL CO HV TRMA PTSD * STU * TCC * SMON * CHLD YAD ADLT SNR * FX * F17 F28 * VAPN * SPS",40.7651,-73.9638,"360610118008000","36","061","011800",8000
"36061012102","Census Tract 121.02; New York County; New York",5049,799,54735,15141,3341,516,323,226,0,19,303,138,4964,810,545,223,"Cylar House Behavioral Health Clinic","Housing Works Mental Health Clinic","326 West 48th Street","1st Floor","New York","NY",10036,"718-277-0386","718-277-0386 x4217",NA,NA,NA,"SA MH SUMH * OP * OMH * NRT NSC ANTPYCH * CBT CFT IDD IPT TELE * PVTN * FQHC * MC MD PI SF SI * PA SS * SE GL VET CJ CO HV DV TRMA PTSD SMI * STU * TCC * SMON * YAD ADLT SNR * AH * VAPN * FPSY CM IPC SPS",40.7597,-73.9918,"360610121021000","36","061","012102",1000
"36061015302","Census Tract 153.02; New York County; New York",5377,719,170804,81152,4388,715,11,19,0,19,712,328,5377,719,196,127,"Lighthouse Guild Behavioral Health","JGB MH and MR Services","250 West 64 Street",NA,"New York","NY",10023,"212-769-7800",NA,NA,NA,NA,"MH SUMH * OP * OMH * CHLOR FLUPH HALOP PERPH THIOT THIOR TRIFL ARIPI ASENA CARIP CLOZA LURAS OLANZ OLANZF PALIP QUETI RISPE ZIPRA NRT NSC ANTPYCH * CBT CFT DBT GT IDD IPT TELE AIM * PVTN * MC MD OSF PI PCF SF * SE TBI * STU * MST LABT * TCC * SMON * YAD ADLT SNR * SP * VAPN * CDM FPSY IPC",40.7764,-73.9827,"360610153025000","36","061","015302",5000
"36061015302","Census Tract 153.02; New York County; New York",5377,719,170804,81152,4388,715,11,19,0,19,712,328,5377,719,196,127,"William A White Institute",NA,"20 West 74th Street",NA,"New York","NY",10023,"212-873-0725 x26","212-873-0725 x20","212-873-0726",NA,NA,"MH * OP * OMH * CFT IPT * PVTN * SF * TAY SE GL HV TRMA PED SED * SMON * CHLD YAD ADLT SNR * VAPN * FPSY",40.7764,-73.9827,"360610153025000","36","061","015302",5000
"36061015401","Census Tract 154.01; New York County; New York",4666,926,113340,39212,4166,910,89,117,0,13,369,112,4666,926,364,171,"New York City Childrens Center","Queens Mid Childhood Clinic at PS 169","110 East 88th Street",NA,"New York","NY",10128,"212-987-2010",NA,"212-987-2513",NA,NA,"SA MH SUMH * OP * OMH * NRT NSC ANTPYCH * CBT CRT CFT DBT GT IDD IPT TELE AIM * STG * MD PI SI SMHA * CO PTSD SED * STU * MST LABT * PEER * TCC * SMON * CHLD * AH SP * VAPN * AOT COOT DEC FPSY PRS VRS CM SPS ES",40.7816,-73.9511,"360610154013000","36","061","015401",3000
"36061017100","Census Tract 171; New York County; New York",9200,1721,173490,39548,7834,1540,220,133,0,19,341,181,9031,1720,1072,437,"Metropolitan Center for Mental Health",NA,"160 West 86th Street",NA,"New York","NY",10024,"212-362-8755","646-992-3357",NA,NA,NA,"MH SUMH * OP * OMH * ARIPI BREXP CARIP LURAS OLANZ QUETI RISPE ZIPRA ANTPYCH * CBT CFT DBT GT IDD IPT TELE * PVTN * MC MD PI SF * SS * TAY SE TRMA SED SMI * SMON * CHLD YAD ADLT SNR * SP FX * F28 * VAPN * FPSY SPS",40.7864,-73.9764,"360610171002000","36","061","017100",2000
"36061017200","Census Tract 172; New York County; New York",5325,1190,31068,14779,1087,457,1739,1131,0,19,279,163,5319,1189,1536,506,"Fast Break 115th",NA,"158 East 115th Street",NA,"New York","NY",10029,"646-459-6161",NA,NA,NA,NA,"MH SUMH * OP * OMH * AT CBT CFT DBT GT IDD IPT TELE * CIT PEON PEOFF WI * PVTN * CMHG MD SF SI SMHA SWFS * TAY GL CJ DV TRMA PED PTSD SED * STU * PEER * TCC * SMON * CHLD YAD * AH SP FX * F35 F66 * VAPN * COOT FPSY CM SPS ES",40.7918,-73.9447,"360610172004001","36","061","017200",4001
"36061017200","Census Tract 172; New York County; New York",5325,1190,31068,14779,1087,457,1739,1131,0,19,279,163,5319,1189,1536,506,"Metropolitan Hospital Center","Psychiatric Services","1901 1st Avenue","Room 4M3","New York","NY",10029,"212-423-7155","212-423-6262",NA,NA,NA,"MH SUMH * HI OP * OMH * CHLOR HALOP PERPH TRIFL ARIPI ASENA BREXP CLOZA LURAS OLANZ PALIP QUETI RISPE ZIPRA NRT NSC ANTPYCH * AT CFT DBT GT IPT TELE * PEON WI * STG * CLF ITU MC MD MI OSF PI SCJJ SEF SF SI SMHA SWFS VAF * PA SS * TAY SE GL VET ADM MF CJ CO HV TRMA TBI ALZ PED PTSD SED SMI * STU * HIVT STDT TBS MST LABT * HS PEER * TCC * SMON * CHLD YAD ADLT SNR * AH SP FX * F4 F17 F19 F25 F28 F35 F36 F47 F70 * VAPN * ACT AOT CDM COOT FPSY LAD PRS SEMP SH VRS IPC SPS",40.7918,-73.9447,"360610172004001","36","061","017200",4001
"36061017200","Census Tract 172; New York County; New York",5325,1190,31068,14779,1087,457,1739,1131,0,19,279,163,5319,1189,1536,506,"Northside Center for Child Development","Home Based Crisis Intervention","1475 Park Avenue",NA,"New York","NY",10029,"212-426-3400","646-596-2967",NA,NA,NA,"MH * OP * OMH * HALOP LOXAP ARIPI OLANZ RISPE ZIPRA ANTPYCH * CBT CFT DBT IPT * PVTN * SMHA * PA * SED * SMON * CHLD YAD * SP * VAPN * FPSY",40.7918,-73.9447,"360610172004001","36","061","017200",4001
"36061017200","Census Tract 172; New York County; New York",5325,1190,31068,14779,1087,457,1739,1131,0,19,279,163,5319,1189,1536,506,"Northside Ctr Therapeutic Early Child","Preschool Day Treatment","1475 Park Avenue",NA,"New York","NY",10029,"212-426-3400","212-426-3400 x3459","212-426-3400 x3464",NA,NA,"MH * OP PHDT * PH * AT CBT GT IPT TELE * CIT * PVTN * MD SEF * PA * TRMA PTSD SED * SMON * CHLD * VAPN * FPSY CM ES",40.7918,-73.9447,"360610172004001","36","061","017200",4001
"36061017200","Census Tract 172; New York County; New York",5325,1190,31068,14779,1087,457,1739,1131,0,19,279,163,5319,1189,1536,506,"NYC HH Metropolitan Hospital Ctr","Adult BH Clinic","1900 2nd Avenue","1st Floor","New York","NY",10029,"212-423-8017","212-423-6645","212-423-6528",NA,NA,"MH SUMH * OP * OMH * CHLOR PERPH TRIFL ARIPI ASENA BREXP CLOZA LURAS OLANZ PALIP QUETI RISPE ZIPRA NRT NSC ANTPYCH * DBT GT IPT TELE * PEON * STG * CLF ITU MC MD MI OSF PI SCJJ SEF SF SI SMHA SWFS VAF * PA SS * TAY SE GL VET ADM MF CJ CO HV TRMA TBI ALZ PED PTSD SMI * STU * MST LABT * HS PEER * TCC * SMON * CHLD YAD ADLT SNR * AH SP FX * F4 F17 F19 F25 F28 F35 F36 F47 F70 * VAPN * AOT CDM COOT LAD PRS SEMP SH VRS IPC SPS",40.7918,-73.9447,"360610172004001","36","061","017200",4001
"36061017200","Census Tract 172; New York County; New York",5325,1190,31068,14779,1087,457,1739,1131,0,19,279,163,5319,1189,1536,506,"NYC HH Metropolitan Hospital Ctr","Metrop Hosp CMHC Child/Adol Clinic","1900 2nd Avenue","6th Floor","New York","NY",10029,"212-423-7155","212-423-6945",NA,NA,NA,"MH SUMH * OP * OMH * CHLOR ARIPI OLANZ QUETI RISPE NRT NSC ANTPYCH * CFT DBT GT IPT TELE * PEON * STG * CLF ITU MC MD MI OSF PI SCJJ SEF SF SI SMHA SWFS VAF * PA SS * GL CJ CO HV TRMA TBI PED PTSD SED * STU * LABT * TCC * SMON * CHLD * AH SP FX * F4 F17 F19 F25 F28 F35 F36 F47 F70 * VAPN * FPSY PRS SPS",40.7918,-73.9447,"360610172004001","36","061","017200",4001
"36061018700","Census Tract 187; New York County; New York",10053,2333,135716,36535,5732,1809,1144,381,0,21,890,306,10005,2311,846,332,"Bridge Inc","Bridge Diane Goldberg PROS","248 West 108th Street",NA,"New York","NY",10025,"212-663-3000 x1329","212-663-3000 x1372",NA,NA,NA,"SA MH SUMH * OP * CMHC OMH * CHLOR FLUPH HALOP LOXAP PERPH ARIPI CLOZA LURAS OLANZ OLANZF PALIP QUETI RISPE ZIPRA NRT NSC ANTPYCH * AT CBT CRT DBT GT IDD IPT TELE AIM * PVTN * MC MD PI SF * TAY GL CO TRMA PTSD SMI * STU * HS PEER * TCC * SMPD * YAD ADLT SNR * VPPD * AOT COOT DEC FPSY LAD PRS SEMP VRS CM IPC SPS ES",40.7975,-73.9683,"360610187005000","36","061","018700",5000
"36061018700","Census Tract 187; New York County; New York",10053,2333,135716,36535,5732,1809,1144,381,0,21,890,306,10005,2311,846,332,"Bridge Inc","Mental Health Clinic","248 West 108th Street",NA,"New York","NY",10025,"212-663-3000 x1372",NA,NA,NA,NA,"SA MH SUMH * OP * CBHC * CHLOR FLUPH HALOP LOXAP PERPH ARIPI CLOZA LURAS OLANZ OLANZF PALIP QUETI RISPE ZIPRA NRT NSC ANTPYCH * CBT DBT GT IDD IPT TELE * PVTN * MC MD PI * TAY CO TRMA PTSD SMI * STU * HS * TCC * SMPD * CHLD YAD ADLT SNR * VPPD * AOT COOT FPSY LAD PRS CM IPC SPS",40.7975,-73.9683,"360610187005000","36","061","018700",5000
"36061018700","Census Tract 187; New York County; New York",10053,2333,135716,36535,5732,1809,1144,381,0,21,890,306,10005,2311,846,332,"Metropolitan Center for Mental Health",NA,"336 Central Park West",NA,"New York","NY",10025,"212-864-3666","646-992-3357",NA,NA,NA,"MH SUMH * OP * OMH * ARIPI BREXP CARIP LURAS OLANZ QUETI RISPE ZIPRA ANTPYCH * CBT CFT DBT GT IDD IPT TELE * PVTN * CMHG MC MD PI SF VAF * SS * TAY SE TRMA SED SMI * SMON * CHLD YAD ADLT SNR * SP FX * F28 * VAPN * FPSY SPS",40.7975,-73.9683,"360610187005000","36","061","018700",5000
"36061018700","Census Tract 187; New York County; New York",10053,2333,135716,36535,5732,1809,1144,381,0,21,890,306,10005,2311,846,332,"Mount Sinai Morningside","Department of Psychiatry","1090 Amsterdam Avenue","16th Floor","New York","NY",10025,"212-523-4139","212-523-8080",NA,NA,NA,"SA MH SUMH * HI OP * IPSY * CHLOR FLUPH HALOP PERPH ARIPI CARIP CLOZA LURAS OLANZ PALIP QUETI RISPE ZIPRA NRT NSC ANTPYCH * AT CBT CFT DBT GT IDD IPT TELE AIM * CIT PEON PEOFF WI * PVTN * MC MD PI SF SI SMHA * TAY SE GL CO HV TRMA PEFP PTSD SED SMI * STU * MST LABT * PEER * TCC * SMON * CHLD YAD ADLT SNR * AH SP * VAPN * CDM COOT DEC FPSY IMR PRS IPC SPS ES",40.7975,-73.9683,"360610187005000","36","061","018700",5000
"36061018700","Census Tract 187; New York County; New York",10053,2333,135716,36535,5732,1809,1144,381,0,21,890,306,10005,2311,846,332,"Ryan Health","Mental Health","801 Amsterdam Avenue",NA,"New York","NY",10025,"212-769-7200",NA,NA,NA,NA,"MH SUMH * OP * OMH * ARIPI CLOZA LURAS OLANZ RISPE ANTPYCH * AT CBT CFT DBT GT IPT TELE AIM * PVTN * FQHC * MC MD PI PCF SF * PA SS * TAY SE TRMA SED SMI * STU * LABT * TCC * SMOP * CHLD YAD ADLT SNR * SP FX * F28 * VAPP * FPSY CM SPS ES",40.7975,-73.9683,"360610187005000","36","061","018700",5000
"36061019400","Census Tract 194; New York County; New York",6524,902,36458,17522,1636,671,1839,572,5,13,309,223,6495,888,2130,676,"Association to Benefit Children","Fast Break Echo Park","1841 Park Avenue",NA,"New York","NY",10035,"646-459-6165",NA,NA,NA,NA,"MH SUMH * OP * OMH * AT CBT CFT DBT GT IDD IPT TELE * CIT PEON PEOFF WI * PVTN * CMHG MD SF SI SMHA SWFS * TAY GL CJ DV TRMA PED PTSD SED * STU * PEER * TCC * SMON * CHLD YAD * AH SP FX * F4 F66 * VAPN * COOT FPSY CM SPS ES",40.8011,-73.9371,"360610194003000","36","061","019400",3000
"36061019400","Census Tract 194; New York County; New York",6524,902,36458,17522,1636,671,1839,572,5,13,309,223,6495,888,2130,676,"Bailey House Inc","Outpatient Clinic","1751 Park Avenue","3rd Floor","New York","NY",10035,"718-277-0386","212-289-6008",NA,NA,NA,"SA MH SUMH * OP * OMH * NRT NSC ANTPYCH * CBT CFT IDD IPT TELE * PVTN * FQHC * MC MD PI SF SI * PA SS * SE GL VET CJ CO HV DV TRMA PTSD SMI * STU * TCC * SMON * YAD ADLT SNR * AH SP * VAPN * FPSY CM IPC SPS",40.8011,-73.9371,"360610194003000","36","061","019400",3000
"36061020901","Census Tract 209.01; New York County; New York",3388,645,22743,13120,230,154,1479,429,0,13,112,135,3388,645,1262,440,"VNS Health","Manhattan Geriatric Outreach","148 West 125th Street","3rd Floor","New York","NY",10027,"212-609-1755",NA,"212-609-7788",NA,NA,"MH * OP * OMH * PVTN * CLF OSF * PA * SE * STU * SMOP * SNR * SP * VAPP * FPSY PRS ES",40.8116,-73.955,"360610209012000","36","061","020901",2000
"36061021800","Census Tract 218; New York County; New York",5756,855,42500,18372,1594,468,2782,439,0,19,582,570,5755,855,969,340,"Childrens Aid Society","Dunlevy Milbank Center","14-32 West 118th Street",NA,"New York","NY",10026,"212-369-8339",NA,"212-831-9829",NA,NA,"MH * OP * OMH * CBT IPT TELE * PVTN * MD SF SI SWFS * SS * TAY GL TRMA PTSD SED * STU * SMON * CHLD YAD * AH SP * VAPP * FPSY IPC SPS",40.8019,-73.9531,"360610218002002","36","061","021800",2002
"36061023600","Census Tract 236; New York County; New York",9640,1222,41941,10715,532,364,7338,1207,40,66,21,36,9638,1222,1412,767,"Graham Windham","Manhattan Mental Health Center","274 West 145th Street","2nd Floor","New York","NY",10039,"212-368-4100",NA,NA,NA,NA,"MH * OP * OMH * CBT CFT GT IPT TELE * PVTN * MD * TAY TRMA PTSD SED * SMOP * CHLD YAD * SP * VAPP * FPSY TPC",40.8265,-73.9383,"360610236001003","36","061","023600",1003
"36061024500","Census Tract 245; New York County; New York",15353,1778,51190,4271,3088,902,2276,831,44,73,591,355,15249,1745,4143,1330,"FAIR",NA,"1090 Saint Nicholas Avenue","Upper Level","New York","NY",10032,"646-992-3357","212-543-4445",NA,NA,NA,"SA MH * OP * NRT NSC * CBT CFT DBT GT IDD IPT TELE * PVTN * MC MD PI SF SI * SS * SE CO PTSD SMI * STU * PEER * TCC * SMON * CHLD YAD ADLT SNR * SP * VAPN * COOT FPSY IMR PRS CM SPS",40.8382,-73.942,"360610245002001","36","061","024500",2001
"36061024500","Census Tract 245; New York County; New York",15353,1778,51190,4271,3088,902,2276,831,44,73,591,355,15249,1745,4143,1330,"Metropolitan Center for Mental Health",NA,"1090 Saint Nicholas Avenue",NA,"New York","NY",10032,"212-543-0777","646-992-3357",NA,NA,NA,"MH SUMH * OP * OMH * ARIPI BREXP CARIP LURAS OLANZ QUETI RISPE ZIPRA ANTPYCH * CBT CFT DBT GT IDD IPT TELE * PVTN * MC MD PI SF * SS * TAY SE TRMA SED SMI * SMON * CHLD YAD ADLT SNR * SP FX * F28 * VAPN * FPSY SPS",40.8382,-73.942,"360610245002001","36","061","024500",2001
"36061024500","Census Tract 245; New York County; New York",15353,1778,51190,4271,3088,902,2276,831,44,73,591,355,15249,1745,4143,1330,"New York Presbyterian Hospital","Morgan Stanley Childrens Hospital","3959 Broadway","6th Floor, North Wing Pediatric Psych","New York","NY",10032,"212-305-3093","212-305-0924",NA,NA,NA,"SA MH SUMH * OP * OMH * HALOP ARIPI CLOZA LURAS OLANZ OLANZF QUETI RISPE ANTPYCH * CBT CFT DBT GT IPT TELE * CIT PEON PEOFF * PVTN * MC MD PI SF SI * TAY GL HV DV TRMA PTSD SED * STU * TCC * SMON * CHLD YAD ADLT SNR * AH SP * VAPN * FPSY CM SPS ES",40.8382,-73.942,"360610245002001","36","061","024500",2001
"36061024500","Census Tract 245; New York County; New York",15353,1778,51190,4271,3088,902,2276,831,44,73,591,355,15249,1745,4143,1330,"NY Psychiatric Institute","Wash Heights Comm Servs Audubon Clinic","513 West 166th Street","4th Floor","New York","NY",10032,"212-928-8300",NA,NA,NA,NA,"SA MH SUMH * OP * OMH * CHLOR FLUPH HALOP LOXAP PERPH PIMOZ PROCH THIOT TRIFL ARIPI BREXP CARIP CLOZA ILOPE LURAS OLANZ OLANZF PALIP QUETI RISPE ZIPRA NRT NSC ANTPYCH * AT CBT CFT DBT GT IDD IPT TELE AIM * STG * MC MD PI SI SMHA SWFS * PA SS * SMI * STU * HIVT STDT TBS MST HBT HCT LABT * PEER * TCC * SMON * YAD ADLT SNR * SP * VAPN * AOT CDM DEC FPSY IMR PRS SEMP CM IPC SPS",40.8382,-73.942,"360610245002001","36","061","024500",2001
"36061029300","Census Tract 293; New York County; New York",9361,1888,43866,14348,1676,770,933,551,152,197,263,178,9361,1888,2299,1096,"NYS Psychiatric Institute","Wash Heights Comm Servs Inwood Clinic","4941 Broadway","Lower Level","New York","NY",10034,"212-942-8500","212-942-1471",NA,NA,NA,"SA MH SUMH * OP * OMH * CHLOR FLUPH HALOP LOXAP PERPH PIMOZ PROCH THIOT TRIFL ARIPI BREXP CARIP CLOZA ILOPE LURAS OLANZ OLANZF PALIP QUETI RISPE ZIPRA NRT NSC ANTPYCH * AT CBT CFT DBT GT IDD IPT TELE AIM * STG * MC MD PI SI SMHA SWFS * PA SS * SMI * STU * HIVT STDT TBS MST HBT HCT LABT * PEER * TCC * SMON * YAD ADLT SNR * AH SP * VAPN * AOT CDM DEC FPSY IMR PRS SEMP CM IPC SPS",40.8662,-73.9221,"360610293003001","36","061","029300",3001
"36081055200","Census Tract 552; Queens County; New York",2990,539,66357,11334,621,238,300,165,0,13,1287,493,2940,539,222,180,"Creedmoor Psychiatric Center",NA,"79-25 Winchester Boulevard","Building 40","Queens Village","NY",11427,"718-264-4000",NA,NA,NA,NA,"SA MH SUMH * HI * PSY * NRT NSC ANTPYCH * AT CBT CFT DBT ECT GT IDD IPT TELE AIM * CIT PEOFF * STG * MC MD PI SF SI SMHA SWFS * CJ CO TRMA PTSD SMI * STU * MST LABT * HS PEER * TCC * SMON * YAD ADLT SNR * AH SP FX * F17 F43 F47 F66 * VAPN * ACT CDM COOT DEC FPSY ICM IMR LAD PRS SEMP SH VRS CM IPC SPS ES",40.7277,-73.7489,"360810552001014","36","081","055200",1014
"36081055200","Census Tract 552; Queens County; New York",2990,539,66357,11334,621,238,300,165,0,13,1287,493,2940,539,222,180,"Lifeline Center for Child Development",NA,"80-09 Winchester Boulevard",NA,"Queens Village","NY",11427,"718-740-4300",NA,NA,NA,NA,"MH SUMH * OP PHDT * PH * CHLOR FLUPH HALOP LOXAP PROCH THIOT THIOR TRIFL ARIPI CLOZA OLANZ RISPE ZIPRA ANTPYCH * AT CBT DBT GT IPT TELE * CIT PEON * PVTN * MD SEF SMHA * SED * STU * MST * TCC * SMON * CHLD YAD * VAPN * FPSY CM SPS ES",40.7277,-73.7489,"360810552001014","36","081","055200",1014
"36081055200","Census Tract 552; Queens County; New York",2990,539,66357,11334,621,238,300,165,0,13,1287,493,2940,539,222,180,"Queens Village Wellness and Recov Ctr",NA,"80-45 Winchester Boulevard","Building 73","Queens Village","NY",11427,"718-264-3950",NA,NA,NA,NA,"SA MH SUMH * OP * OMH * NRT NSC ANTPYCH * AT CBT CFT DBT GT IDD IPT TELE AIM * CIT PEOFF * STG * MC MD PI SF SI SMHA SWFS * CJ CO TRMA PTSD SMI * STU * MST LABT * HS PEER * TCC * SMON * YAD ADLT SNR * AH SP FX * F17 F31 F47 * VAPN * CDM COOT DEC FPSY ICM IMR LAD PRS SEMP SH VRS CM IPC SPS ES",40.7277,-73.7489,"360810552001014","36","081","055200",1014
"36085006400","Census Tract 64; Richmond County; New York",3210,606,63462,17297,2155,650,203,126,0,13,555,260,3201,606,419,218,"South Beach Psychiatric Center","Ocean View Lodge Clinic","777 Seaview Avenue","Building 10, 2nd Floor","Staten Island","NY",10305,"718-667-2536","718-667-2463",NA,NA,NA,"SA MH SUMH * OP * OMH * CHLOR FLUPH HALOP LOXAP PERPH TRIFL ARIPI BREXP CARIP CLOZA ILOPE LURAS OLANZ OLANZF PALIP QUETI RISPE ZIPRA NRT NSC ANTPYCH * AT CBT CRT CFT DBT GT IDD IPT TELE AIM * STG * MC MD PI SF SI SMHA * SE CO TRMA SMI * STU * MST LABT * PEER * TCC * SMON * YAD ADLT SNR * AH SP FX * F17 F66 F70 F81 * VAPN * AOT FPSY PRS VRS SPS",40.5973,-74.0768,"360850064002007","36","085","006400",2007
"36085006400","Census Tract 64; Richmond County; New York",3210,606,63462,17297,2155,650,203,126,0,13,555,260,3201,606,419,218,"South Beach Psychiatric Center","South Richmond ACT Team","- - -",NA,"Staten Island","NY",10305,"718-668-8050",NA,NA,NA,NA,"SA MH SUMH * OP * OMH * CHLOR FLUPH HALOP LOXAP PERPH TRIFL ARIPI BREXP CARIP CLOZA ILOPE LURAS OLANZ OLANZF PALIP QUETI RISPE ZIPRA NRT NSC ANTPYCH * CBT CFT DBT GT IDD IPT TELE AIM * STG * MC MD PI SF SI SMHA * SE CO TRMA SMI * STU * MST LABT * PEER * TCC * SMON * YAD ADLT SNR * AH FX * F17 * VAPN * ACT AOT FPSY PRS VRS CM SPS",40.5973,-74.0768,"360850064002007","36","085","006400",2007
"36085007500","Census Tract 75; Richmond County; New York",4032,763,108836,19864,2063,467,776,473,0,13,174,181,3630,761,582,380,"Staten Island Mental Health","A Div of Richmond University Med Ctr","- - -",NA,"Staten Island","NY",10301,"718-818-4440","718-818-6700",NA,NA,NA,"MH SUMH * OP * CMHC * CHLOR PERPH ARIPI LURAS OLANZ QUETI RISPE ANTPYCH * AT CBT CFT DBT GT IPT TELE * PVTN * FQHC * FG MD MI PI SF * SS * TRMA PTSD SED * STU * MST * SMON * CHLD YAD * AH SP * VAPN * FPSY SPS",40.6316,-74.0927,"360850075002004","36","085","007500",2004
"36085007500","Census Tract 75; Richmond County; New York",4032,763,108836,19864,2063,467,776,473,0,13,174,181,3630,761,582,380,"Staten Island Mental Health A Division","A Div of Richmond University Med Ctr","669 Castleton Avenue",NA,"Staten Island","NY",10301,"718-818-6690","718-818-6700 x86700",NA,NA,NA,"MH SUMH * OP * OMH * ARIPI QUETI RISPE NRT ANTPYCH * AT CBT CFT DBT IPT TELE * PVTN * CLF MD PI SF SI * TAY GL MF CJ TRMA PTSD SED SMI * STU * TCC * SMON * CHLD YAD * AH SP FX * F19 F35 F36 F70 * VAPN * FPSY CM",40.6316,-74.0927,"360850075002004","36","085","007500",2004
"36085027301","Census Tract 273.01; Richmond County; New York",4223,532,110625,15363,2769,467,143,68,0,13,856,229,4118,531,397,277,"Jewish Board of Family/Childrens Servs","Morris L Black Counseling Ctr","1765 South Avenue",NA,"Staten Island","NY",10314,"718-761-9800","844-663-2255",NA,NA,NA,"SA MH SUMH * OP * CBHC * CHLOR FLUPH HALOP LOXAP CLOZA OLANZF RISPE NSC ANTPYCH * CBT CFT DBT EMDR GT IDD IPT TELE AIM * CIT PEOFF * PVTN * CMHG MC MD PI SF SI SMHA SWFS * SS * TAY SE GL CO DV TRMA PED PEFP PTSD SED SMI * STU * MST * PEER * TCC * SMOP * CHLD YAD ADLT SNR * AH SP FX * F4 F17 F70 * VAPP * ACT COOT DEC FPSY ICM PRS CM IPC SPS",40.6039,-74.1472,"360850273015003","36","085","027301",5003
"36085027301","Census Tract 273.01; Richmond County; New York",4223,532,110625,15363,2769,467,143,68,0,13,856,229,4118,531,397,277,"Richmond University Medical Center","Saint George Clinic","1130 South Avenue",NA,"Staten Island","NY",10314,"718-818-5557","718-818-6132",NA,NA,NA,"SA MH SUMH * OP * OMH * FLUPH HALOP PERPH ARIPI OLANZ RISPE NRT NSC ANTPYCH * AT CBT CFT DBT GT IDD IPT TMS TELE AIM * PVTN * FQHC * MC MD PI SF SI * CO SMI * STU * MST LABT * TCC * SMPD * YAD ADLT SNR * AH SP FX * F47 F70 * VPPD * FPSY IPC SPS",40.6039,-74.1472,"360850273015003","36","085","027301",5003
"36085027301","Census Tract 273.01; Richmond County; New York",4223,532,110625,15363,2769,467,143,68,0,13,856,229,4118,531,397,277,"VA NY Harbor Healthcare System","Staten Island Community Clinic","1150 South Avenue","Suite 301","Staten Island","NY",10314,"718-761-2973",NA,NA,NA,NA,"SA MH SUMH * OP * VAHC * CHLOR FLUPH HALOP LOXAP PERPH TRIFL ARIPI CARIP CLOZA LURAS OLANZ PALIP QUETI RISPE ZIPRA NRT NSC ANTPYCH * CBT CFT IPT TELE AIM * FED VAMC * MC MI PI SF VAF * SE VET ADM CO TBI SMI * STU * MST * HS * TCC * SMON * YAD ADLT SNR * VAPN * COOT DEC FPSY SPS",40.6039,-74.1472,"360850273015003","36","085","027301",5003
