"name1","name2","street1","street2","city","state","zip","phone","intake1","intake2","intake1a","intake2a","service_code_info","latitude","longitude","GEOID","STATE","COUNTY","TRACT","BLOCK"
"Astor Servs for Children and Families","Astor Day Treatment Program","516 East Tremont Avenue",NA,"Bronx","NY",10457,"347-978-2450","929-285-3917 x1096",NA,NA,NA,"MH SUMH * PHDT * PH * CHLOR HALOP PERPH ANTPYCH * CBT CFT DBT GT IDD IPT TELE * CIT PEON * PVTN * MD PI SEF * TRMA SED * STU * TCC * SMON * CHLD * SP * VAPN * FPSY CM SPS ES",40.8486,-73.8999,"360050379002004","36","005","037900",2004
"Astor Servs for Children and Families","Highbridge Clinic","1419 Shakespeare Avenue","1st Floor","Bronx","NY",10452,"718-231-3400","718-732-7080 x0",NA,NA,NA,"SA MH SUMH * OP * OMH * NSC ANTPYCH * CBT CFT DBT GT IDD IPT TELE AIM * CIT * PVTN * CLF MD OSF PI SF SI SMHA SWFS * CO TRMA PED PTSD SED * STU * TCC * SMON * CHLD YAD ADLT * SP * VAPN * COOT FPSY CM SPS",40.8376,-73.9216,"360050219001008","36","005","021900",1008
"Astor Servs for Children and Families","Lawrence F Hickey Center","4010 Dyre Avenue",NA,"Bronx","NY",10466,"845-515-3000","718-515-3000",NA,NA,NA,"MH * PHDT * PH * ANTPYCH * CBT CFT GT IPT TELE * CIT PEON * PVTN * MD SEF * TRMA SED * SMON * CHLD * VAPN * FPSY CM SPS ES",40.8904,-73.8503,"360050424002000","36","005","042400",2000
"Astor Servs for Children and Families","Tilden Clinic","750 Tilden Street",NA,"Bronx","NY",10467,"718-231-3400",NA,NA,NA,NA,"SA MH SUMH * OP * OMH * ANTPYCH * CBT CFT DBT GT IDD IPT TELE AIM * CIT * PVTN * CLF MD OSF PI SF SI SMHA SWFS * CO TRMA PTSD SED * STU * TCC * SMON * CHLD YAD ADLT * SP * VAPN * COOT FPSY CM SPS",40.8737,-73.8712,"360050334001003","36","005","033400",1003
"BASICS Esperanza PROS",NA,"915 Westchester Avenue","1st Floor","Bronx","NY",10459,"646-224-9300 x6302","646-224-9300 x6311",NA,NA,NA,"SA MH SUMH * OP * OMH * FLUPH HALOP ARIPI CLOZA OLANZ OLANZF PALIP QUETI RISPE NRT NSC ANTPYCH * CBT CFT DBT GT IDD IPT TELE * CIT * PVTN * MC MD SI * SS * SE GL VET CO TRMA PED PTSD SMI * STU * HS PEER * TCC * SMON * YAD ADLT SNR * SP * VAPN * COOT DEC FPSY IMR PRS SEMP SH VRS CM SPS ES",40.8247,-73.894,"360050127012002","36","005","012701",2002
"Bronx Care Health System","Inpatient Psychiatric Unit","1265 Franklin Avenue",NA,"Bronx","NY",10456,"718-901-8872",NA,NA,NA,NA,"SA MH SUMH * HI * IPSY * CHLOR DROPE FLUPH HALOP PERPH THIOT TRIFL CLOZA OLANZ PALIP QUETI RISPE ZIPRA NRT NSC ANTPYCH * AT CBT GT IDD IPT TELE AIM * CIT PEON PEOFF WI * PVTN * CLF CMHG MC MD OSF PI SF SI SMHA SWFS * PA SS * TAY SE SED SMI * STU * MST LABT * PEER * TCC * SMON * CHLD YAD ADLT SNR * AH SP FX * F4 F17 F19 F25 F28 F31 F35 F36 F70 F81 F92 * VAPN * COOT FPSY LAD SPS",40.8316,-73.9099,"360050145004003","36","005","014500",4003
"BronxCare Health System","Childrens Services","1276 Fulton Avenue",NA,"Bronx","NY",10457,"718-901-6888","718-579-7385","718-579-7395",NA,NA,"SA MH SUMH * OP * OMH * CHLOR FLUPH HALOP CLOZA OLANZ OLANZF NRT ANTPYCH * AT CBT CFT GT IPT TELE * PEON * PVTN * FQHC * MD PI SF SI SWFS * PA SS * GL CO HV TRMA PTSD SED * STU * SMON * CHLD * AH SP NX FX * F4 F17 F19 F25 F28 F30 F31 F35 F36 F37 F42 F43 F47 F66 F67 F70 F81 F92 N24 N40 * VAPN * FPSY SPS",40.8486,-73.8999,"360050379002004","36","005","037900",2004
"Bronx Care Hospital","Outpatient 2","1265 Franklin Avenue",NA,"Bronx","NY",10456,"718-579-7361","718-579-7385","718-579-7395",NA,NA,"SA MH SUMH * OP * OMH * FLUPH HALOP CLOZA OLANZ OLANZF RISPE NRT ANTPYCH * AT CBT CFT DBT GT IDD IPT TELE * PEON * PVTN * FQHC * MC MD PI SF SI * PA SS * SE GL CO TRMA PTSD SMI * STU * TCC * SMON * YAD ADLT SNR * AH SP NX FX * F4 F17 F19 F25 F28 F30 F31 F35 F36 F37 F42 F43 F47 F66 F67 F70 F81 F92 N24 N40 * VAPN * AOT FPSY SPS",40.8316,-73.9099,"360050145004003","36","005","014500",4003
"Bronx/Lebanon Hospital Center","Adult Outpatient Clinic","1276 Fulton Avenue",NA,"Bronx","NY",10456,"718-901-8440","718-579-7395","718-579-7385",NA,NA,"SA MH SUMH * OP * OMH * FLUPH HALOP CLOZA OLANZ OLANZF RISPE NRT ANTPYCH * AT CBT CFT DBT GT IDD IPT TELE * PEON * PVTN * FQHC * MC MD PI SF SI * PA SS * SE GL CO TRMA SMI * STU * TCC * SMON * YAD ADLT SNR * AH SP NX FX * F4 F17 F19 F25 F28 F30 F31 F35 F36 F37 F42 F43 F47 F66 F67 F70 F81 F92 N24 N40 * VAPN * AOT FPSY SPS",40.8316,-73.9099,"360050145004003","36","005","014500",4003
"Bronx Psychiatric Center","BPC White Plains Road Clinic/ACT Prog","3050 White Plains Road",NA,"Bronx","NY",10467,"929-348-4492",NA,NA,NA,NA,"SA MH SUMH * OP * OMH * CHLOR CLOZA OLANZ RISPE NRT NSC ANTPYCH * AT CBT GT IPT * PEON PEOFF * STG * CLF MC MD PI SI SMHA * PA * GL CJ HV SMI * STU * HS PEER * TCC * SMPD * YAD ADLT SNR * AH SP FX * F17 F36 * VAPN * ACT COOT DEC FPSY PRS SEMP VRS SPS ES",40.8737,-73.8712,"360050334001003","36","005","033400",1003
"Childrens Aid Society","Bronx Health Services","910 East 172nd Street","3rd Floor","Bronx","NY",10460,"347-767-2200",NA,"347-767-2212",NA,NA,"MH * OP * OMH * CBT IPT TELE * PVTN * MD SF SI SWFS * SS * TAY GL TRMA PTSD SED * STU * SMON * CHLD YAD * AH SP * VAPP * FPSY IPC SPS",40.8409,-73.8794,"360050361003001","36","005","036100",3001
"Graham Windham","Mental Health and Wellness Center","1946 Webster Avenue","1st Floor","Bronx","NY",10457,"212-368-4100",NA,NA,NA,NA,"MH * OP * OMH * CBT CFT GT IPT TELE * PVTN * MD * TAY TRMA PTSD SED * SMOP * CHLD YAD * SP * VAPP * FPSY TPC",40.8486,-73.8999,"360050379002004","36","005","037900",2004
"Jewish Board","Community Mental Health Center","2488 Grand Concourse","Suite 2000","Bronx","NY",10458,"718-881-7600 x51438","844-663-2255",NA,NA,NA,"MH SUMH * OP * CMHC * ANTPYCH * CBT CFT DBT GT IPT TELE * CIT * PVTN * CMHG CSBG MC MD PI SF SI * CO * STU * PEER * TCC * SMON * CHLD YAD ADLT SNR * AH SP * VAPN * COOT CM SPS",40.8633,-73.8895,"360050397002000","36","005","039700",2000
"Jewish Child Care Association",NA,"425 Westchester Avenue",NA,"Bronx","NY",10455,"718-742-8550",NA,NA,NA,NA,"MH * OP * OMH * ANTPYCH * CBT CFT DBT GT IPT TELE * PEOFF * PVTN * CLF MD OSF PI SF SMHA SWFS * TAY GL TRMA PTSD SED * STU * MST LABT * PEER * SMON * CHLD YAD * AH SP * VAPN * ACT COOT FPSY PRS SEMP TPC VRS CM",40.8153,-73.9072,"360050073001000","36","005","007300",1000
"Montefiore Medical Center","Psychiatric Inpatient Service","111 East 210th Street","Klau 2","Bronx","NY",10467,"718-920-4736",NA,NA,NA,NA,"SA MH SUMH * HI * IPSY * CHLOR FLUPH HALOP PERPH ARIPI BREXP CARIP CLOZA LURAS OLANZ PALIP QUETI RISPE ZIPRA NRT NSC ANTPYCH * AT CBT CFT DBT ECT GT IDD IPT AIM * PEON * PVTN * MC MD PI SF SI * SMI * STU * HIVT STDT TBS MST LABT * TCC * SMON * YAD ADLT SNR * AH * VAPN * CDM COOT DEC FPSY IMR PRS IPC SPS",40.8737,-73.8712,"360050334001003","36","005","033400",1003
"Morris Heights Health Center","Harrison Circle","57 West Burnside Avenue","Level B-1","Bronx","NY",10453,"718-839-8900 x3333",NA,NA,NA,NA,"MH SUMH * OP * OMH * CHLOR FLUPH HALOP THIOR TRIFL CLOZA OLANZ OLANZF QUETI RISPE NRT NSC ANTPYCH * AT CBT CFT DBT EMDR GT IDD IPT TELE * CIT WI * PVTN * FQHC * CLF CMHG MC MD OSF PI SF SI * PA SS * TAY SE GL VET ADM MF CJ CO HV DV TRMA PTSD SED SMI * STU * TCC * SMON * CHLD YAD ADLT SNR * SP * VAPN * CDM FPSY IMR IPC SPS",40.852,-73.9129,"360050243002000","36","005","024300",2000
"Morris Heights Health Center","Walton Avenue","25 East 183rd Street",NA,"Bronx","NY",10453,"718-839-8900 x3333",NA,NA,NA,NA,"MH SUMH * OP * OMH * CHLOR FLUPH HALOP THIOR TRIFL CLOZA OLANZ OLANZF QUETI RISPE NRT NSC ANTPYCH * AT CBT CFT DBT EMDR GT IDD IPT TELE * CIT WI * PVTN * FQHC * CLF CMHG MC MD OSF PI SF SI * PA SS * TAY SE GL VET ADM MF CJ CO HV DV TRMA PTSD SED SMI * STU * TCC * SMON * CHLD YAD ADLT SNR * SP * VAPN * CDM FPSY SPS",40.852,-73.9129,"360050243002000","36","005","024300",2000
"Nao Medical",NA,"932 East 174th Street",NA,"Bronx","NY",10460,"917-970-2493",NA,NA,NA,NA,"SA MH SUMH * OP * OMH * NRT NSC ANTPYCH * CBT IDD IPT KIT TELE * PEOFF * PVTP * MC MD PI SF SI * TAY SE GL VET ADM MF CO HV DV TRMA ALZ PED PEFP PTSD SMI * STU * HIVT STDT TBS MST HBT HCT LABT * TCC * SMON * CHLD YAD ADLT SNR * SP FX * F36 * VAPN * AOT CDM DEC IMR IPC",40.8409,-73.8794,"360050361003001","36","005","036100",3001
"New York City Childrens Center","Bronx Day Treatment Programs","595 Gerard Avenue",NA,"Bronx","NY",10451,"929-348-4560","718-264-4557","718-613-3056",NA,NA,"SA MH SUMH * OP PHDT * PH * NRT NSC ANTPYCH * CBT CRT CFT DBT GT IDD IPT TELE AIM * STG * MD PI SI SMHA * CO PTSD SED * STU * MST LABT * PEER * TCC * SMON * CHLD YAD * AH SP * VAPN * AOT COOT DEC FPSY PRS VRS CM SPS ES",40.8222,-73.9217,"360050061004000","36","005","006100",4000
"New York City Childrens Center","Bronx Inpatient","1300 Waters Place","State Psychiatric Center","Bronx","NY",10461,"718-264-4500","718-264-4934",NA,NA,NA,"SA MH SUMH * HI * PSY * NRT NSC ANTPYCH * AT CBT CRT CFT DBT GT IDD IPT AIM * STG * MD PI SI SMHA * CO TRMA PTSD SED * STU * HIVT STDT TBS MST HBT HCT LABT * PEER * TCC * SMON * CHLD * AH SP * VAPN * AOT COOT DEC FPSY ICM PRS VRS CM IPC SPS ES",40.8465,-73.841,"360050284001003","36","005","028400",1003
"NYC HHC North Central Bronx Hospital","ACT Program","3424 Kossuth Avenue",NA,"Bronx","NY",10467,"718-519-4701","718-519-3100",NA,NA,NA,"SA MH * OP * IPSY * HALOP ARIPI CLOZA OLANZ OLANZF PALIP QUETI RISPE ANTPYCH * CBT GT IDD IPT TELE AIM * CIT PEON PEOFF WI * LCCG * FQHC * CMHG MC MD PI SI SMHA * PA * TAY SE CO SMI * STU * MST LABT * PEER * TCC * SMON * YAD ADLT SNR * VAPN * ACT AOT DEC FPSY LAD PRS SH VRS CM SPS",40.8737,-73.8712,"360050334001003","36","005","033400",1003
"NYC/HHC North Central Bronx Hospital","Inpatient Psychiatric Unit","3424 Kossuth Avenue",NA,"Bronx","NY",10467,"718-519-4864 x3500","718-519-3030",NA,NA,NA,"SA MH SUMH * HI OP PHDT * IPSY * CHLOR FLUPH HALOP PERPH THIOR ARIPI CLOZA OLANZ PALIP RISPE ZIPRA NRT NSC ANTPYCH * AT CBT CFT DBT IDD IPT TELE * CIT PEOFF WI * LCCG * FQHC * CMHG MC MD PI SF SI SMHA * PA * TAY SE GL VET ADM MF CJ CO HV TRMA TBI ALZ PTSD SMI * STU * MST LABT * TCC * SMON * CHLD YAD ADLT SNR * SP * VAPN * ACT CDM COOT DEC FPSY IMR LAD IPC",40.8737,-73.8712,"360050334001003","36","005","033400",1003
"NYC/HHC North Central Bronx Hospital","Partial Hospitalization Program","3424 Kossuth Avenue","11th Floor","Bronx","NY",10467,"718-519-2439","718-519-3440",NA,NA,NA,"SA MH SUMH * HI OP PHDT * OMH * CHLOR FLUPH HALOP PERPH THIOR ARIPI CLOZA OLANZ PALIP RISPE ZIPRA NRT NSC ANTPYCH * AT CBT CFT GT IDD IPT * CIT PEOFF WI * LCCG * FQHC MHC * CSBG SF SI SMHA * PA * TAY SE GL VET ADM MF CJ CO HV TRMA TBI ALZ PED PTSD SMI * STU * MST LABT * TCC * SMON * CHLD YAD ADLT SNR * SP * VAPN * ACT COOT DEC FPSY PRS CM IPC SPS",40.8737,-73.8712,"360050334001003","36","005","033400",1003
"NY Pychotherapy and Counseling Ctr","Bronx Child and Family MH Center","579 Courtlandt Avenue",NA,"Bronx","NY",10451,"718-553-1100",NA,NA,NA,NA,"MH SUMH * OP * OMH * CHLOR FLUPH HALOP LOXAP PERPH TRIFL ARIPI ASENA BREXP CARIP CLOZA ILOPE LURAS OLANZ OLANZF PALIP QUETI RISPE ZIPRA NRT NSC ANTPYCH * AT CBT CFT DBT IDD IPT TELE * PVTN * MC MD SI * TAY SE GL CO DV TRMA PTSD SED SMI * STU * MST LABT * TCC * SMPD * CHLD YAD ADLT SNR * AH SP FX * F17 F19 F28 F67 * VPPD * AOT COOT FPSY CM SPS",40.8222,-73.9217,"360050061004000","36","005","006100",4000
"Postgraduate Center for MH Inc","PROS","1775 Grand Concourse Street","8th Floor","Bronx","NY",10453,"212-560-6700 x402",NA,NA,NA,NA,"SA MH SUMH * OP * OMH * CHLOR DROPE FLUPH HALOP LOXAP PERPH PROCH THIOT ARIPI CLOZA OLANZ OLANZF PALIP QUETI RISPE NSC ANTPYCH * CBT CFT GT IDD IPT TELE * PVTN * MHC * CLF MC MD PI SF SI SMHA * SS * SE CO SMI * STU * LABT * PEER * SMON * YAD ADLT SNR * AH SP * VAPN * AOT COOT FPSY PRS SEMP VRS CM IPC SPS",40.852,-73.9129,"360050243002000","36","005","024300",2000
"Puerto Rican Family Institute Inc","Bronx Mental Health Clinic","1420 Stebbins Avenue",NA,"Bronx","NY",10459,"718-299-3045 x3226","718-299-3045 x3221","718-299-3045 x3227",NA,NA,"MH * OP * OMH * CBT CFT DBT GT IPT TELE * PVTN * MC MD PI SF SI * SS * TAY SE GL CJ TRMA PTSD * STU * PEER * SMON * CHLD YAD ADLT SNR * SP * VAPN * FPSY SPS",40.8247,-73.894,"360050127012002","36","005","012701",2002
"Vida Guidance Center A Division of UHP",NA,"4419 3rd Avenue",NA,"Bronx","NY",10457,"718-364-7700 x3","718-364-7700",NA,NA,NA,"MH SUMH * OP * OMH * CHLOR FLUPH HALOP LOXAP PERPH ARIPI ASENA BREXP CARIP CLOZA LURAS OLANZ OLANZF PALIP QUETI RISPE ZIPRA NRT NSC ANTPYCH * AT CBT CFT DBT GT IDD IPT TELE * CIT * STG * FQHC * MC MD SF SI SWFS * PA SS * TAY SE GL VET ADM MF CJ CO HV TRMA PTSD SED SMI * STU * LABT * TCC * SMOP * CHLD YAD ADLT SNR * SP * VAPP * FPSY CM SPS",40.8486,-73.8999,"360050379002004","36","005","037900",2004
"ACQC Brooklyn Satellite",NA,"475 Atlantic Avenue","3rd Floor","Brooklyn","NY",11217,"718-896-2500","718-896-2500 x5735",NA,NA,NA,"SA MH SUMH * OP * OMH * FLUPH HALOP PERPH ARIPI BREXP LURAS OLANZ PALIP QUETI RISPE ZIPRA NRT NSC ANTPYCH * CBT CFT IDD IPT TELE * CIT * PVTN * MC MD PI SF SI SMHA * PA SS * GL HV * STU * HIVT STDT HBT HCT * PEER * TCC * SMOP * CHLD YAD ADLT SNR * AH * VAPP * COOT FPSY CM SPS",40.6816,-73.9798,"360470129012001","36","047","012901",2001
"Beverley Mack Harry","Consulting Services Inc","738 Crown Street","1st Floor","Brooklyn","NY",11213,"718-363-0100",NA,NA,NA,NA,"MH SUMH * OP * OMH * ANTPYCH * AT CBT CFT DBT GT IDD IPT TELE * PEON WI * PVTP * CLF MC MD MI OSF PI SCJJ SF SI SMHA SWFS VAF * SS * TAY SE GL VET HV DV TRMA TBI PTSD SED SMI * STU * PEER * TCC * SMOP * CHLD YAD ADLT SNR * VAPP * COOT DEC FPSY PRS TPC IPC SPS",40.67,-73.9367,"360470337012000","36","047","033701",2000
"Brookdale Hospital Medical Center","Department of Psychiatry","1 Brookdale Plaza","12th Floor","Brooklyn","NY",11212,"718-240-6330","718-240-6168",NA,NA,NA,"SA MH SUMH * HI OP * IPSY * HALOP ARIPI BREXP CLOZA LURAS OLANZ PALIP QUETI RISPE NRT NSC ANTPYCH * AT CBT CFT GT IDD IPT TELE AIM * CIT PEON PEOFF WI * PVTN * CLF MC MD PI SF SI * PA SS * TAY SE GL CO HV TRMA PEFP PTSD SED SMI * STU * MST LABT * TCC * SMON * CHLD YAD ADLT SNR * AH SP FX * F4 F17 F19 F25 F28 F36 F47 F70 F81 * VAPN * COOT DEC FPSY IPC SPS",40.6625,-73.9145,"360470898002000","36","047","089800",2000
"Catholic Charities Neighborhood Servs","Flatbush Behavioral Health Center","1623 Flatbush Avenue",NA,"Brooklyn","NY",11210,"718-377-5755",NA,NA,NA,NA,"SA MH SUMH * OP * CBHC * CHLOR FLUPH HALOP LOXAP PERPH ARIPI CARIP CLOZA OLANZF QUETI RISPE ZIPRA NRT NSC ANTPYCH * AT CBT CFT GT IDD IPT TELE * CIT PEON PEOFF * PVTN * CMHG MC MD PI PCF SF SI SMHA SWFS * VET CO SMI * STU * PEER * TCC * SMON * CHLD YAD ADLT SNR * VAPN * COOT CM SPS",40.6281,-73.9467,"360470742002000","36","047","074200",2000
"Coalition for Hispanic Family Services","Bonding Links Enlazos Familiares CCR","63 Schaefer Street",NA,"Brooklyn","NY",11207,"718-443-5875",NA,NA,NA,NA,"MH SUMH * RES * RTCC * CBT GT * PVTN * CLF MD OSF * TRMA PTSD SED * STU * SMON * CHLD * SP * VAPN * FPSY ICM PRS CM",40.6705,-73.894,"360471158001003","36","047","115800",1003
"Coalition for Hispanic Family Services","Bonding Links/Enlazos Familiares MHC","315 Wyckoff Avenue","Suite 6","Brooklyn","NY",11237,"718-497-6090 x362","718-497-6090 x360","718-497-6090 x361",NA,NA,"MH SUMH * OP * OMH * CLOZA ILOPE RISPE ZIPRA ANTPYCH * AT CBT GT IPT * PVTN * MHC * CLF MD OSF SF * SS * TRMA PTSD SED * STU * SMON * CHLD * SP * VAPN * FPSY ICM TPC CM",40.7006,-73.918,"360470431001000","36","047","043100",1000
"Community Counseling and Mediation Inc","Youth and Family Consultation Center","25 Elm Place","2nd Floor","Brooklyn","NY",11201,"718-802-0666",NA,NA,NA,NA,"SA MH SUMH * OP * OMH * FLUPH HALOP PERPH TRIFL ARIPI OLANZ PALIP QUETI RISPE ZIPRA NRT NSC ANTPYCH * CBT CFT DBT GT IDD IPT TELE * PVTN * MC MD PI SF SI * TAY SE GL VET CJ CO HV TRMA PTSD SMI * STU * HS * TCC * SMOP * CHLD YAD ADLT SNR * SP FX * F17 F19 F36 F43 * VAPP * COOT DEC FPSY SH CM SPS",40.694,-73.9903,"360470011001003","36","047","001100",1003
"Coney Island Hospital","Department of Behavioral Health","2601 Ocean Parkway",NA,"Brooklyn","NY",11235,"718-616-5327","718-616-5321","718-616-5333",NA,NA,"SA MH SUMH * HI OP * OMH * FLUPH HALOP THIOR ARIPI CLOZA LURAS OLANZ OLANZF PALIP QUETI RISPE NRT NSC ANTPYCH * AT CBT CRT CFT DBT GT IDD IPT TELE AIM * CIT PEON PEOFF WI * STG * CLF MC MD MI OSF PI SF SI SMHA SWFS VAF * SS * TAY SE GL VET CO HV DV TRMA PEFP PTSD SED SMI * STU * MST LABT * HS PEER * TCC * SMOP * CHLD YAD ADLT SNR * AH SP FX * F4 F19 F30 F35 F42 F47 F70 * VPPD * ACT COOT DEC FPSY ICM LAD PRS SEMP VRS CM IPC SPS ES",40.5839,-73.9536,"360470608003004","36","047","060800",3004
"Family Center","LeeKong Health and Wellness Institute","493 Nostrand Avenue","3rd Floor","Brooklyn","NY",11216,"718-230-1379 x110","718-230-1379 x140",NA,NA,NA,"SA MH SUMH * OP * CBHC * ANTPYCH * AT CBT CFT DBT GT IDD IPT TELE * PVTN * CLF MC MD OSF PI SCJJ SEF SF SI SMHA SWFS * TAY SE VET CO HV TRMA PTSD SED SMI * STU * PEER * TCC * SMON * CHLD YAD ADLT SNR * SP * VAPN * COOT FPSY LAD CM IPC",40.6794,-73.9496,"360470247001002","36","047","024700",1002
"Family Health Center at NYU Langone","Sunset Terrace","514 49th Street",NA,"Brooklyn","NY",11220,"718-431-2600",NA,NA,NA,NA,"SA MH SUMH * OP * OMH * CHLOR DROPE FLUPH HALOP LOXAP PERPH PIMOZ PROCH THIOT THIOR TRIFL ARIPI ASENA BREXP CARIP CLOZA ILOPE LURAS OLANZ OLANZF PALIP QUETI RISPE ZIPRA NRT NSC ANTPYCH * CBT CFT DBT GT IDD IPT TELE AIM * PVTN * FQHC * CLF MC MD PI SF SI * PA SS * CO HV TRMA PEFP PTSD SED SMI * STU * MST LABT * PEER * TCC * SMON * CHLD YAD ADLT SNR * AH SP FX * F17 * VAPN * FPSY PRS CM IPC SPS",40.6412,-74.0133,"360470102003000","36","047","010200",3000
"Health and Hospitals/Kings","Kings City Hosp Child/Adol Clinic","451 Clarkson Avenue","Building R, 7th Floor","Brooklyn","NY",11203,"718-245-2520",NA,NA,NA,NA,"MH SUMH * OP * OMH * HALOP ARIPI CLOZA PALIP RISPE NRT NSC ANTPYCH * AT CBT CFT GT IPT TELE AIM * CIT PEON WI * LCCG * MD PI SF SI SWFS * PA SS * SED * STU * HIVT STDT TBS MST LABT * PEER * TCC * SMON * CHLD YAD * AH SP FX * F19 * VAPN * AOT COOT FPSY CM SPS",40.6505,-73.9349,"360470860003000","36","047","086000",3000
"Interborough Developmental and","Consultation Center/Canarsie Csl Ctr","9413 Flatlands Avenue","Suite 001-E","Brooklyn","NY",11236,"718-272-1600 x111",NA,NA,NA,NA,"MH SUMH * OP * CMHC * CHLOR DROPE HALOP LOXAP ARIPI CLOZA OLANZ RISPE ANTPYCH * CBT CFT DBT IDD IPT TELE * PEON WI * PVTN * MC MD PI SF SI SMHA SWFS * PA SS * TAY SE GL VET CO TRMA PTSD SED SMI * STU * SMPD * CHLD YAD ADLT SNR * SP FX * F4 F19 F28 F35 F36 F70 * VAPN * COOT FPSY SPS",40.6407,-73.9028,"360470966002004","36","047","096600",2004
"Interborough Developmental and","Consultation Ctr/Crown Heights Clinic","921 East New York Avenue",NA,"Brooklyn","NY",11203,"718-778-0485",NA,NA,NA,NA,"SA MH SUMH * OP * OMH * CHLOR HALOP THIOR ANTPYCH * CBT CFT DBT GT IDD IPT * CIT PEON WI * PVTN * CLF MC MD MI OSF PI SCJJ SEF SF SI SMHA SWFS VAF * PA SS * TAY SE GL VET ADM MF CJ CO HV TRMA PED PTSD SED SMI * STU * PEER * TCC * SMON * CHLD YAD ADLT SNR * SP FX * F4 F17 F19 F25 F28 F35 F36 F70 * VAPN * COOT DEC FPSY PRS CM SPS",40.6505,-73.9349,"360470860003000","36","047","086000",3000
"Interborough Developmental and","Consultation Ctr/Williamsburg Clinic","790 Broadway","Floor 1","Brooklyn","NY",11206,"718-388-5176",NA,NA,NA,NA,"SA MH SUMH * OP * OMH * CHLOR FLUPH HALOP LOXAP PERPH PIMOZ PROCH THIOT THIOR TRIFL ARIPI BREXP CARIP CLOZA ILOPE LURAS OLANZ OLANZF PALIP QUETI RISPE ZIPRA ANTPYCH * CBT CFT DBT GT IPT TELE * WI * PVTN * FQHC * FG MC MD PI SF SI * TAY SE CJ TRMA PTSD SED SMI * STU * TCC * SMON * CHLD YAD ADLT SNR * AH SP FX * F4 F17 F19 F28 F36 F42 F70 * VAPN * AOT COOT FPSY CM SPS",40.7012,-73.9436,"360470507001011","36","047","050700",1011
"Jewish Board of Family/Childrens Servs","Seymour Askin Counseling Center","2020 Coney Island Avenue",NA,"Brooklyn","NY",11223,"718-676-4280","844-663-2255",NA,NA,NA,"SA MH SUMH * OP * CBHC * CHLOR FLUPH HALOP LOXAP PERPH PIMOZ ARIPI CLOZA ILOPE LURAS OLANZ PALIP QUETI RISPE ZIPRA NRT NSC ANTPYCH * CBT CFT DBT GT IDD IPT TELE * CIT * PVTN * MC MD MI PI SCJJ SF SI SMHA SWFS VAF * PA SS * CO TRMA PTSD SMI * STU * TCC * SMPD * CHLD YAD ADLT SNR * AH SP FX * F19 F35 F70 * VPPD * COOT DEC FPSY PRS CM SPS",40.5979,-73.9743,"360470400001002","36","047","040000",1002
"Kingsboro Psychiatric Center",NA,"681 Clarkson Avenue","Building 19, Room 102","Brooklyn","NY",11203,"718-221-7900","718-257-7780",NA,NA,NA,"MH SUMH * OP * OMH * FLUPH HALOP PERPH ARIPI CLOZA LURAS OLANZ OLANZF PALIP QUETI RISPE ZIPRA NRT NSC ANTPYCH * AT CBT DBT GT IPT AIM * STG * FQHC * MC MD PI SCJJ SI SMHA SWFS * PA * SE VET CJ CO PEFP PTSD SMI * STU * SMOP * YAD ADLT SNR * VAPP",40.6505,-73.9349,"360470860003000","36","047","086000",3000
"Kingsboro Psychiatric Center","Canarsie Mental Health Clinic","9801 Foster Avenue",NA,"Brooklyn","NY",11236,"718-257-7780",NA,NA,NA,NA,"MH SUMH * OP * OMH * FLUPH HALOP PERPH ARIPI CLOZA LURAS OLANZ OLANZF PALIP QUETI RISPE ZIPRA NRT NSC ANTPYCH * AT GT IPT AIM * STG * MC MD PI SCJJ SI SMHA SWFS * PA * SE VET CJ CO PEFP PTSD SMI * STU * LABT * PEER * SMOP * YAD ADLT SNR * VAPP * AOT COOT ICM PRS VRS CM SPS",40.6407,-73.9028,"360470966002004","36","047","096600",2004
"League School",NA,"567 Kingston Avenue",NA,"Brooklyn","NY",11203,"718-498-2500","718-498-2500 x152","718-498-2500 x130",NA,NA,"MH * OP PHDT * PH * AT GT IPT TELE * PEON * PVTN * MD PI SEF SMHA * PA * SED * STU * TCC * SMON * CHLD YAD * SP FX * F4 F19 F28 F35 * VAPN * FPSY CM SPS ES",40.6505,-73.9349,"360470860003000","36","047","086000",3000
"Nao Medical",NA,"308 Graham Avenue",NA,"Brooklyn","NY",11211,"917-970-2493",NA,NA,NA,NA,"SA MH SUMH * OP * OMH * NRT NSC ANTPYCH * CBT IDD IPT KIT TELE * PEOFF * PVTP * MC MD PI SF SI * TAY SE GL VET ADM MF CO HV DV TRMA ALZ PED PEFP PTSD SMI * STU * HIVT STDT TBS MST HBT HCT LABT * TCC * SMON * CHLD YAD ADLT SNR * SP FX * F36 * VAPN * AOT CDM DEC IMR IPC",40.7095,-73.9563,"360470527005001","36","047","052700",5001
"New York City Childrens Center","Brooklyn Campus","1819 Bergen Street",NA,"Brooklyn","NY",11233,"718-613-3100","718-264-4934","718-613-3055",NA,NA,"SA MH SUMH * PHDT * PH * NRT NSC ANTPYCH * CBT CRT CFT DBT GT IDD IPT TELE AIM * STG * MD PI SI SMHA * GL CO TRMA PTSD SED * STU * MST LABT * PEER * TCC * SMON * CHLD YAD * AH * VAPN * AOT COOT DEC FPSY ICM PRS CM SPS ES",40.6784,-73.9211,"360470301003001","36","047","030100",3001
"New York City Childrens Center","Brooklyn Childrens Behav Health Clinic","1819 Bergen Street",NA,"Brooklyn","NY",11233,"718-613-3100","718-264-4697",NA,NA,NA,"SA MH * OP * OMH * NRT NSC ANTPYCH * CBT CRT CFT DBT GT IDD IPT TELE AIM * STG * MD PI SI SMHA * CO TRMA PTSD SED * STU * MST LABT * PEER * TCC * SMON * CHLD YAD * AH * VAPN * AOT COOT DEC FPSY PRS VRS CM SPS ES",40.6784,-73.9211,"360470301003001","36","047","030100",3001
"New York Psychotherapy Counseling Ctr","Bushwick Child/Family MH Center","102 Pilling Street",NA,"Brooklyn","NY",11207,"718-553-1100",NA,NA,NA,NA,"MH SUMH * OP * OMH * CHLOR FLUPH HALOP LOXAP PERPH TRIFL ARIPI ASENA BREXP CARIP CLOZA ILOPE LURAS OLANZ OLANZF PALIP QUETI RISPE ZIPRA NRT NSC ANTPYCH * AT CBT CFT DBT IDD IPT TELE * PVTN * MC MD SI * TAY SE GL CO TRMA PTSD SED SMI * STU * MST LABT * TCC * SMPD * CHLD YAD ADLT SNR * AH SP FX * F4 F17 F19 F28 F36 F47 * VPPD * AOT COOT FPSY CM SPS",40.6705,-73.894,"360471158001003","36","047","115800",1003
"New York Psychotherapy Counseling Ctr","East NY Child Family MH Center","2857 Linden Boulevard",NA,"Brooklyn","NY",11208,"718-235-3100",NA,NA,NA,NA,"MH SUMH * OP * OMH * CHLOR FLUPH HALOP LOXAP PERPH TRIFL ARIPI ASENA BREXP CARIP CLOZA ILOPE LURAS OLANZ OLANZF PALIP QUETI RISPE ZIPRA NRT NSC ANTPYCH * AT CBT CFT DBT IDD IPT TELE AIM * PVTN * MHC * MC MD SI * TAY SE GL CO DV TRMA PTSD SED SMI * STU * MST LABT * TCC * SMPD * CHLD YAD ADLT SNR * AH SP FX * F19 F28 * VPPD * AOT COOT FPSY CM SPS",40.6762,-73.8736,"360471196002003","36","047","119600",2003
"NYC Health and Hospital/Kings","KCHC/BH/Adult Inpatient Services","451 Clarkson Avenue","Building R","Brooklyn","NY",11203,"718-245-2751",NA,"718-245-2310",NA,NA,"SA MH SUMH * HI * IPSY * CHLOR FLUPH HALOP LOXAP PERPH ARIPI CLOZA LURAS OLANZ PALIP QUETI RISPE ZIPRA NRT NSC ANTPYCH * AT CBT CFT DBT GT IDD IPT TELE AIM * CIT PEON WI * LCCG * MC MD PI SF SI * PA SS * STU * HIVT STDT TBS MST LABT * PEER * TCC * SMON * YAD ADLT SNR * AH SP FX * F19 * VAPN * AOT COOT FPSY CM IPC SPS",40.6505,-73.9349,"360470860003000","36","047","086000",3000
"NYC Health and Hospital/Kings","KCHC/BH/Adult Outpatient Services","451 Clarkson Avenue","Building R","Brooklyn","NY",11203,"718-245-2704","718-245-2727",NA,NA,NA,"SA MH SUMH * OP * OMH * FLUPH HALOP ARIPI CLOZA PALIP RISPE NRT NSC ANTPYCH * AT CBT CFT DBT GT IDD IPT TELE AIM * CIT PEON WI * LCCG * MC MD PI SF SI * PA SS * TAY PEFP SMI * STU * HIVT STDT TBS MST LABT * PEER * TCC * SMON * YAD ADLT SNR * AH SP FX * F4 F19 * VAPN * AOT COOT FPSY CM IPC SPS",40.6505,-73.9349,"360470860003000","36","047","086000",3000
"NYC/HHC Kings County Hospital Center","KCHC Child/Adolescent Psych IP Servs","451 Clarkson Avenue","Building R","Brooklyn","NY",11203,"718-245-2751",NA,NA,NA,NA,"MH SUMH * HI * IPSY * CHLOR FLUPH HALOP LOXAP PERPH ARIPI CLOZA LURAS OLANZ PALIP QUETI RISPE ZIPRA NRT NSC ANTPYCH * AT CBT CFT GT IDD IPT TELE AIM * CIT PEON WI * LCCG * MD PI SF SI SWFS * PA SS * SED * STU * HIVT STDT TBS MST LABT * PEER * TCC * SMON * CHLD YAD * AH SP FX * F19 * VAPN * AOT COOT FPSY CM IPC SPS",40.6505,-73.9349,"360470860003000","36","047","086000",3000
"NYC/HHC Kings County Hospital Center","Kings County Hospital CPEP","451 Clarkson Avenue","Building R","Brooklyn","NY",11203,"718-245-2310",NA,NA,NA,NA,"SA MH SUMH * HI OP * IPSY * CHLOR FLUPH HALOP LOXAP PERPH ARIPI CLOZA LURAS OLANZ PALIP QUETI RISPE ZIPRA NRT NSC ANTPYCH * AT CBT CFT GT IDD IPT TELE AIM * CIT PEON PEOFF WI * LCCG * MC MD PI SF SI * PA SS * TAY SE CO SED SMI * STU * HIVT STDT TBS MST LABT * PEER * TCC * SMON * CHLD YAD ADLT SNR * AH SP FX * F19 * VAPN * AOT COOT FPSY CM IPC SPS",40.6505,-73.9349,"360470860003000","36","047","086000",3000
"NYC H/H Kings County Hospital Center","Partial Hospitalization Program KCHC","451 Clarkson Avenue","Building R","Brooklyn","NY",11203,"718-245-4956",NA,NA,NA,NA,"SA MH SUMH * OP PHDT * PH * FLUPH HALOP ARIPI CLOZA PALIP RISPE NRT NSC ANTPYCH * AT CBT CFT GT IDD IPT TELE AIM * CIT PEON WI * LCCG * MC MD PI SF SI * PA SS * SMI * STU * HIVT STDT TBS MST LABT * PEER * TCC * SMON * YAD ADLT SNR * AH SP FX * F19 * VAPN * AOT COOT FPSY CM SPS",40.6505,-73.9349,"360470860003000","36","047","086000",3000
"NYU Langone Hospital/Brooklyn",NA,"150 55th Street","Suite 2950","Brooklyn","NY",11220,"718-630-7000","718-437-5210","718-630-7189",NA,NA,"SA MH SUMH * HI * IPSY * CHLOR DROPE FLUPH HALOP LOXAP PERPH PIMOZ PROCH THIOT THIOR TRIFL ARIPI ASENA BREXP CARIP CLOZA ILOPE LURAS OLANZ OLANZF PALIP QUETI RISPE ZIPRA NRT NSC ANTPYCH * AT CBT GT IDD IPT TELE * CIT PEON WI * PVTN * CLF MC MD MI OSF PI SF SI * STU * MST LABT * TCC * SMON * YAD ADLT SNR * AH SP FX * F4 F17 F31 F35 F42 F66 F70 F81 * VAPN * CDM COOT DEC FPSY IMR PRS VRS CM IPC SPS",40.6412,-74.0133,"360470102003000","36","047","010200",3000
"Ohel Kadimah Pros",NA,"1268 East 14th Street",NA,"Brooklyn","NY",11230,"718-686-3400",NA,NA,NA,NA,"MH SUMH * PHDT * PH * THIOR CLOZA OLANZ OLANZF RISPE NRT NSC ANTPYCH * AT CBT CFT DBT GT IDD IPT TELE * CIT * PVTN * MC MD SF * SE CO TRMA PTSD SMI * STU * HS PEER * TCC * SMOP * YAD ADLT SNR * VAPP * COOT DEC FPSY ICM IMR PRS SEMP VRS CM IPC SPS ES",40.6225,-73.965,"360470456001003","36","047","045600",1003
"One Brooklyn Health System","Interfaith Medical Center","1545 Atlantic Avenue","Center for Mental Health","Brooklyn","NY",11213,"718-613-4462 x3","718-613-4486",NA,NA,NA,"SA MH SUMH * HI OP * OMH * CHLOR FLUPH HALOP PERPH ARIPI ASENA BREXP CARIP CLOZA LURAS OLANZ OLANZF PALIP QUETI RISPE ZIPRA NRT NSC ANTPYCH * AT CBT CFT GT IDD IPT TELE AIM * CIT PEON WI * PVTN * MC MD MI PI SF SI * SS * TAY SE GL CO HV DV TRMA PEFP PTSD SED SMI * STU * MST LABT * TCC * SMON * CHLD YAD ADLT SNR * AH SP FX * F4 F19 F25 F28 * VAPN * CDM FPSY IPC SPS",40.67,-73.9367,"360470337012000","36","047","033701",2000
"Pesach Tikvah Hope Development Inc",NA,"4111 18th Avenue",NA,"Brooklyn","NY",11218,"718-875-6900",NA,NA,NA,NA,"MH SUMH * OP * OMH * CHLOR HALOP ARIPI CARIP CLOZA LURAS OLANZ OLANZF QUETI RISPE ANTPYCH * PVTN * MD SF * TAY SE TRMA PTSD SED SMI * STU * TCC * SMON * CHLD YAD ADLT SNR * VAPN * COOT FPSY",40.6424,-73.9758,"360470494003001","36","047","049400",3001
"Pesach Tikvah Hope Development Inc",NA,"5309 18th Avenue","4th Floor","Brooklyn","NY",11204,"718-705-5190",NA,NA,NA,NA,"MH SUMH * OP * OMH * CHLOR HALOP ARIPI CARIP CLOZA LURAS OLANZ OLANZF QUETI RISPE ANTPYCH * PVTN * MD SF * TAY SE TRMA PTSD SED SMI * STU * TCC * SMON * CHLD YAD ADLT SNR * VAPN * COOT FPSY",40.6179,-73.9856,"360470254003001","36","047","025400",3001
"Pesach Tikvah Hope Development Inc",NA,"640 Broadway",NA,"Brooklyn","NY",11206,"718-875-6900",NA,NA,NA,NA,"MH SUMH * OP * OMH * CHLOR HALOP ARIPI CARIP CLOZA LURAS OLANZ OLANZF QUETI RISPE ANTPYCH * PVTN * MD SF * TAY SE TRMA PTSD SED SMI * STU * TCC * SMON * CHLD YAD ADLT SNR * VAPN * COOT FPSY",40.7012,-73.9436,"360470507001011","36","047","050700",1011
"Pesach Tikvah Hope Development Inc","Pesach Tikvah Family Services Center","365 Willoughby Avenue","3rd Floor","Brooklyn","NY",11205,"718-875-6900 x1100",NA,NA,NA,NA,"MH SUMH * OP * OMH * CHLOR HALOP ARIPI CARIP CLOZA LURAS OLANZ OLANZF QUETI RISPE ANTPYCH * AT CBT CFT DBT GT IDD IPT TELE * PVTN * MD PI SF SI SMHA VAF * TAY SE TRMA PTSD SED SMI * STU * PEER * TCC * SMON * CHLD YAD ADLT SNR * SP FX * F35 F70 * VAPN * COOT FPSY PRS VRS CM",40.6924,-73.9666,"360470195001000","36","047","019500",1000
"Puerto Rican Family Institute Inc","Brooklyn Mental Health Clinic","- - -",NA,"Brooklyn","NY",11206,"718-963-4430","212-229-6972 x1972",NA,NA,NA,"MH SUMH * OP * OMH * ARIPI CLOZA QUETI RISPE ANTPYCH * CBT CFT GT IPT TELE * CIT * PVTN * MC MD PI SF SI * TRMA * STU * PEER * TCC * SMPD * CHLD YAD ADLT * SP * VAPN * CM",40.7012,-73.9436,"360470507001011","36","047","050700",1011
"Services for the Underserved","Wellness Works Clinic","1125 Fulton Street","2nd Floor","Brooklyn","NY",11238,"347-226-9025",NA,"877-583-5336",NA,NA,"SA MH SUMH * OP * CBHC * CHLOR FLUPH HALOP ARIPI CLOZA OLANZ QUETI RISPE ZIPRA NRT NSC ANTPYCH * AT CBT CFT DBT GT IDD IPT TELE AIM * CIT WI * PVTN * MC MD PI SF SI SMHA SWFS * CO PEFP SMI * STU * PEER * TCC * SMON * CHLD YAD ADLT SNR * SP FX * F70 * VAPN * AOT DEC FPSY PRS SEMP VRS CM SPS",40.679,-73.9644,"360470203001005","36","047","020300",1005
"South Beach Psychiatric Center","Bensonhurst OP Clinic","8620 18th Avenue",NA,"Brooklyn","NY",11214,"718-256-8818",NA,NA,NA,NA,"SA MH SUMH * OP * OMH * CHLOR FLUPH HALOP LOXAP PERPH TRIFL ARIPI BREXP CARIP CLOZA ILOPE LURAS OLANZ OLANZF PALIP QUETI RISPE ZIPRA NRT NSC ANTPYCH * AT CBT CFT DBT GT IDD IPT TELE AIM * STG * MC MD PI SF SI SMHA * SE CO TRMA SMI * STU * MST LABT * PEER * TCC * SMON * YAD ADLT SNR * AH SP FX * F17 F19 * VAPN * AOT FPSY PRS VRS SPS",40.6016,-73.9968,"360470290003001","36","047","029000",3001
"South Beach Psychiatric Center","Coney Island/Sheepshead Bay Clinic","626 Sheepshead Bay Road","3rd Floor, Room 300","Brooklyn","NY",11224,"718-946-2600",NA,NA,NA,NA,"SA MH SUMH * OP * OMH * CHLOR FLUPH HALOP LOXAP PERPH TRIFL ARIPI BREXP CARIP CLOZA ILOPE LURAS OLANZ OLANZF PALIP QUETI RISPE ZIPRA NRT NSC ANTPYCH * CBT CFT DBT GT IDD IPT TELE AIM * STG * MC MD PI SF SI SMHA * TAY SE CO TRMA PEFP SMI * STU * MST LABT * PEER * TCC * SMON * CHLD YAD ADLT SNR * AH SP FX * F70 * VAPN * AOT FPSY PRS VRS SPS",40.5767,-73.9884,"360470326005002","36","047","032600",5002
"South Beach Psychiatric Center","Mapleton Outpatient Clinic","1083 McDonald Avenue",NA,"Brooklyn","NY",11230,"718-421-7444",NA,NA,NA,NA,"SA MH SUMH * OP * OMH * CHLOR FLUPH HALOP LOXAP PERPH TRIFL ARIPI BREXP CARIP CLOZA ILOPE LURAS OLANZ OLANZF PALIP QUETI RISPE ZIPRA NRT NSC ANTPYCH * AT CBT CFT DBT GT IDD IPT TELE AIM * STG * MC MD PI SF SI SMHA * SE CO TRMA SMI * STU * MST LABT * PEER * TCC * SMON * YAD ADLT SNR * AH SP FX * F70 * VAPN * AOT FPSY PRS VRS SPS",40.6225,-73.965,"360470456001003","36","047","045600",1003
"Spanish Spk Elderly Council/RAICES Inc","Raices Casa Bienestar","460 Atlantic Avenue","1st Floor","Brooklyn","NY",11217,"718-222-1518 x213","718-222-1518",NA,NA,NA,"SA MH SUMH * OP * OMH * HALOP ARIPI CLOZA LURAS OLANZ QUETI RISPE ANTPYCH * CBT DBT GT IDD IPT TELE * PVTN * MC MD PI SF * SS * SE GL CJ CO HV TRMA PEFP PTSD SMI * STU * TCC * SMON * YAD ADLT SNR * SP FX * F28 * VAPN * CDM COOT DEC FPSY IMR CM IPC",40.6816,-73.9798,"360470129012001","36","047","012901",2001
"VA NY Harbor Healthcare System","Brooklyn Campus","800 Poly Place",NA,"Brooklyn","NY",11209,"718-836-6600","718-836-6600 x3715",NA,NA,NA,"SA MH SUMH * OP PHDT RES * VAHC * CHLOR FLUPH HALOP LOXAP PERPH TRIFL ARIPI CARIP CLOZA LURAS OLANZ PALIP QUETI RISPE ZIPRA NRT NSC ANTPYCH * CBT CFT DBT GT IDD IPT TELE AIM * CIT PEON WI * FED VAMC * MI PI SF VAF * SE GL VET ADM CO HV TBI ALZ * STU * MST LABT * HS PEER * TCC * SMON * YAD ADLT SNR * VAPN * ACT COOT DEC FPSY ICM LAD PRS SEMP SH CM IPC SPS ES",40.6251,-74.0303,"360470062001001","36","047","006200",1001
"Willow Behavioral Health","Osier Health","1130 Bedford Avenue","Suite 1061","Brooklyn","NY",11216,"646-814-1530",NA,NA,NA,NA,"SA MH SUMH * OP * OMH * CHLOR FLUPH HALOP LOXAP PERPH PIMOZ PROCH THIOT THIOR TRIFL ARIPI BREXP CARIP CLOZA ILOPE LURAS OLANZ OLANZF PALIP QUETI RISPE ZIPRA NRT NSC ANTPYCH * AT CBT CRT CFT DBT EMDR IDD IPT TELE * CIT PEON WI * PVTP * MHC * MC MD MI PI PCF SF SI * PA * TAY SE GL VET ADM MF CJ CO HV DV TRMA TBI ALZ PED PEFP PTSD SMI * STU * HS PEER * TCC * SMON * YAD ADLT SNR * AH SP NX FX * F4 F17 F19 F25 F28 F30 F31 F35 F36 F37 F42 F43 F47 F66 F67 F70 F81 F92 N24 N40 * VAPN * ACT COOT FPSY ICM SEMP CM IPC SPS ES",40.6794,-73.9496,"360470247001002","36","047","024700",1002
"Association to Benefit Children","Fast Break Echo Park","1841 Park Avenue",NA,"New York","NY",10035,"646-459-6165",NA,NA,NA,NA,"MH SUMH * OP * OMH * AT CBT CFT DBT GT IDD IPT TELE * CIT PEON PEOFF WI * PVTN * CMHG MD SF SI SMHA SWFS * TAY GL CJ DV TRMA PED PTSD SED * STU * PEER * TCC * SMON * CHLD YAD * AH SP FX * F4 F66 * VAPN * COOT FPSY CM SPS ES",40.8011,-73.9371,"360610194003000","36","061","019400",3000
"Association to Benefit Children","Fast Break The Bronx","1366 Inwood Avenue",NA,"New York","NY",10452,"646-459-6165",NA,NA,NA,NA,"MH SUMH * OP * OMH * AT CBT CFT DBT GT IDD IPT TELE * CIT PEON WI * PVTN * CMHG MD SF SI SMHA SWFS * TAY GL CJ DV TRMA PTSD SED * STU * PEER * TCC * SMON * CHLD YAD * AH SP FX * F66 * VAPN * COOT FPSY CM SPS ES",40.8376,-73.9216,"360050219001008","36","005","021900",1008
"Bailey House Inc","Outpatient Clinic","1751 Park Avenue","3rd Floor","New York","NY",10035,"718-277-0386","212-289-6008",NA,NA,NA,"SA MH SUMH * OP * OMH * NRT NSC ANTPYCH * CBT CFT IDD IPT TELE * PVTN * FQHC * MC MD PI SF SI * PA SS * SE GL VET CJ CO HV DV TRMA PTSD SMI * STU * TCC * SMON * YAD ADLT SNR * AH SP * VAPN * FPSY CM IPC SPS",40.8011,-73.9371,"360610194003000","36","061","019400",3000
"Blanton Peale Counseling Center","Blanton Peale Institute","7 West 30th Street","9th and 10th Floors","New York","NY",10001,"212-725-7850","212-725-7850 x119",NA,NA,NA,"MH * OP * OMH * ANTPYCH * CBT CFT EMDR IDD IPT TELE * PVTN * MC MD PI PCF SF * SS * TAY SE GL DV PTSD * SMON * CHLD YAD ADLT SNR * SP FX * F47 * VAPN * SPS",40.7484,-73.9967,"360610097001002","36","061","009700",1002
"Bridge Inc","Bridge Diane Goldberg PROS","248 West 108th Street",NA,"New York","NY",10025,"212-663-3000 x1329","212-663-3000 x1372",NA,NA,NA,"SA MH SUMH * OP * CMHC OMH * CHLOR FLUPH HALOP LOXAP PERPH ARIPI CLOZA LURAS OLANZ OLANZF PALIP QUETI RISPE ZIPRA NRT NSC ANTPYCH * AT CBT CRT DBT GT IDD IPT TELE AIM * PVTN * MC MD PI SF * TAY GL CO TRMA PTSD SMI * STU * HS PEER * TCC * SMPD * YAD ADLT SNR * VPPD * AOT COOT DEC FPSY LAD PRS SEMP VRS CM IPC SPS ES",40.7975,-73.9683,"360610187005000","36","061","018700",5000
"Bridge Inc","Mental Health Clinic","248 West 108th Street",NA,"New York","NY",10025,"212-663-3000 x1372",NA,NA,NA,NA,"SA MH SUMH * OP * CBHC * CHLOR FLUPH HALOP LOXAP PERPH ARIPI CLOZA LURAS OLANZ OLANZF PALIP QUETI RISPE ZIPRA NRT NSC ANTPYCH * CBT DBT GT IDD IPT TELE * PVTN * MC MD PI * TAY CO TRMA PTSD SMI * STU * HS * TCC * SMPD * CHLD YAD ADLT SNR * VPPD * AOT COOT FPSY LAD PRS CM IPC SPS",40.7975,-73.9683,"360610187005000","36","061","018700",5000
"Center for Hearing and Communications",NA,"50 Broadway","6th Floor","New York","NY",10004,"917-305-7739",NA,"917-305-7700",NA,NA,"MH * OP * OMH * CHLOR FLUPH HALOP ARIPI CLOZA OLANZ OLANZF RISPE ANTPYCH * CBT CFT DBT GT IPT TELE * CIT * PVTN * MC MD OSF PI PCF SF SI SMHA * SS * TAY SE GL VET CJ HV DV TRMA TBI PED PTSD SMI * STU * TCC * SMOP * CHLD YAD ADLT SNR * AH * VAPP * COOT FPSY",40.7143,-74.006,"360610031002003","36","061","003100",2003
"Childrens Aid Society","Dunlevy Milbank Center","14-32 West 118th Street",NA,"New York","NY",10026,"212-369-8339",NA,"212-831-9829",NA,NA,"MH * OP * OMH * CBT IPT TELE * PVTN * MD SF SI SWFS * SS * TAY GL TRMA PTSD SED * STU * SMON * CHLD YAD * AH SP * VAPP * FPSY IPC SPS",40.8019,-73.9531,"360610218002002","36","061","021800",2002
"Community Access","East Village Access PROS","242 East 2nd Street",NA,"New York","NY",10009,"212-780-9008 x7204","212-780-9008 x7219",NA,NA,NA,"SA MH SUMH * OP PHDT * OMH * NSC ANTPYCH * AT CBT DBT GT IDD TELE * PVTN * MC MD SMHA * CO TRMA PTSD SMI * STU * MST LABT * PEER * TCC * SMOP * YAD ADLT SNR * VAPP * FPSY PRS SEMP VRS SPS",40.7262,-73.9796,"360610028003001","36","061","002800",3001
"Community Counseling Mediation Inc","Manhattan Clinic","15 West 39th Street","2nd Floor","New York","NY",10018,"212-564-6006","718-802-0666",NA,NA,NA,"SA MH SUMH * OP * OMH * HALOP ARIPI OLANZ QUETI RISPE NRT NSC ANTPYCH * CBT CFT DBT GT IDD IPT * CIT * PVTN * MC MD PI SF * TAY SE GL VET CJ CO HV DV TRMA TBI PEFP PTSD SED SMI * STU * TCC * SMOP * CHLD YAD ADLT SNR * SP FX * F17 * VAPP * COOT CM SPS",40.7547,-73.9925,"360610111001000","36","061","011100",1000
"Cylar House Behavioral Health Clinic","Housing Works Mental Health Clinic","326 West 48th Street","1st Floor","New York","NY",10036,"718-277-0386","718-277-0386 x4217",NA,NA,NA,"SA MH SUMH * OP * OMH * NRT NSC ANTPYCH * CBT CFT IDD IPT TELE * PVTN * FQHC * MC MD PI SF SI * PA SS * SE GL VET CJ CO HV DV TRMA PTSD SMI * STU * TCC * SMON * YAD ADLT SNR * AH * VAPN * FPSY CM IPC SPS",40.7597,-73.9918,"360610121021000","36","061","012102",1000
"FAIR",NA,"1090 Saint Nicholas Avenue","Upper Level","New York","NY",10032,"646-992-3357","212-543-4445",NA,NA,NA,"SA MH * OP * NRT NSC * CBT CFT DBT GT IDD IPT TELE * PVTN * MC MD PI SF SI * SS * SE CO PTSD SMI * STU * PEER * TCC * SMON * CHLD YAD ADLT SNR * SP * VAPN * COOT FPSY IMR PRS CM SPS",40.8382,-73.942,"360610245002001","36","061","024500",2001
"Fast Break 115th",NA,"158 East 115th Street",NA,"New York","NY",10029,"646-459-6161",NA,NA,NA,NA,"MH SUMH * OP * OMH * AT CBT CFT DBT GT IDD IPT TELE * CIT PEON PEOFF WI * PVTN * CMHG MD SF SI SMHA SWFS * TAY GL CJ DV TRMA PED PTSD SED * STU * PEER * TCC * SMON * CHLD YAD * AH SP FX * F35 F66 * VAPN * COOT FPSY CM SPS ES",40.7918,-73.9447,"360610172004001","36","061","017200",4001
"Graham Windham","Manhattan Mental Health Center","274 West 145th Street","2nd Floor","New York","NY",10039,"212-368-4100",NA,NA,NA,NA,"MH * OP * OMH * CBT CFT GT IPT TELE * PVTN * MD * TAY TRMA PTSD SED * SMOP * CHLD YAD * SP * VAPP * FPSY TPC",40.8265,-73.9383,"360610236001003","36","061","023600",1003
"Greenwich House Inc","The Center for Resiliency and Wellness","27 Barrow Street","3rd Floor","New York","NY",10014,"212-242-4140 x251",NA,"212-242-4140 x249",NA,NA,"SA MH SUMH * OP * OMH * PERPH ARIPI QUETI ANTPYCH * CBT CFT DBT EMDR GT IDD IPT TELE AIM * WI * PVTN * MHC * CLF MC MD PI SF * SS * TAY SE GL VET CO HV DV TRMA PED PTSD SED SMI * STU * TCC * SMPD * CHLD YAD ADLT SNR * SP FX * F17 F28 F35 F70 * VPPD * FPSY CM SPS",40.7339,-74.0054,"360610073001002","36","061","007300",1002
"Hudson Guild Counseling Service",NA,"441 West 26th Street",NA,"New York","NY",10001,"212-760-9822",NA,NA,NA,NA,"MH SUMH * OP * OMH * ARIPI RISPE ANTPYCH * CBT DBT IPT TELE * PVTN * MC MD PI SF SI * STU * TCC * SMON * CHLD YAD ADLT SNR * SP * VAPN * FPSY",40.7484,-73.9967,"360610097001002","36","061","009700",1002
"Karen Horney Clinic Inc",NA,"329 East 62nd Street",NA,"New York","NY",10065,"212-838-4333","212-838-4333 x137",NA,NA,NA,"SA MH SUMH * OP * OMH * PERPH ARIPI BREXP OLANZ OLANZF QUETI RISPE ZIPRA NRT NSC ANTPYCH * IPT TELE * PVTN * MC MD PI SF SI * TAY SE GL CO HV TRMA PTSD * STU * TCC * SMON * CHLD YAD ADLT SNR * FX * F17 F28 * VAPN * SPS",40.7651,-73.9638,"360610118008000","36","061","011800",8000
"Lighthouse Guild Behavioral Health","JGB MH and MR Services","250 West 64 Street",NA,"New York","NY",10023,"212-769-7800",NA,NA,NA,NA,"MH SUMH * OP * OMH * CHLOR FLUPH HALOP PERPH THIOT THIOR TRIFL ARIPI ASENA CARIP CLOZA LURAS OLANZ OLANZF PALIP QUETI RISPE ZIPRA NRT NSC ANTPYCH * CBT CFT DBT GT IDD IPT TELE AIM * PVTN * MC MD OSF PI PCF SF * SE TBI * STU * MST LABT * TCC * SMON * YAD ADLT SNR * SP * VAPN * CDM FPSY IPC",40.7764,-73.9827,"360610153025000","36","061","015302",5000
"Lower Eastside Service Center","Continuing Day Treatment Program","46 East Broadway","2nd Floor","New York","NY",10002,"212-343-3520",NA,"212-343-3563",NA,NA,"MH * OP * OMH * ANTPYCH * AT CBT CFT GT IPT TELE * PEON * PVTN * MC MD PI SF * SS * SMI * STU * MST LABT * TCC * SMON * YAD ADLT SNR * VAPN * DEC FPSY ICM PRS CM SPS",40.7152,-73.9877,"360610014011000","36","061","001401",1000
"Lower Eastside Service Center","Dual Recovery Services","46 East Broadway","6th Floor","New York","NY",10002,"212-343-3520",NA,"212-343-3522",NA,NA,"SA MH * OP * CHLOR FLUPH HALOP LOXAP PERPH PIMOZ PROCH THIOT THIOR TRIFL ARIPI ASENA BREXP CARIP CLOZA ILOPE LURAS OLANZ OLANZF PALIP QUETI RISPE ZIPRA NRT ANTPYCH * CBT GT IDD IPT TELE * PVTN * MD SF * PA SS * CO * STU * PEER * TCC * SMON * YAD ADLT SNR * VAPN * COOT SPS",40.7152,-73.9877,"360610014011000","36","061","001401",1000
"Metropolitan Center for Mental Health",NA,"160 West 86th Street",NA,"New York","NY",10024,"212-362-8755","646-992-3357",NA,NA,NA,"MH SUMH * OP * OMH * ARIPI BREXP CARIP LURAS OLANZ QUETI RISPE ZIPRA ANTPYCH * CBT CFT DBT GT IDD IPT TELE * PVTN * MC MD PI SF * SS * TAY SE TRMA SED SMI * SMON * CHLD YAD ADLT SNR * SP FX * F28 * VAPN * FPSY SPS",40.7864,-73.9764,"360610171002000","36","061","017100",2000
"Metropolitan Center for Mental Health",NA,"1090 Saint Nicholas Avenue",NA,"New York","NY",10032,"212-543-0777","646-992-3357",NA,NA,NA,"MH SUMH * OP * OMH * ARIPI BREXP CARIP LURAS OLANZ QUETI RISPE ZIPRA ANTPYCH * CBT CFT DBT GT IDD IPT TELE * PVTN * MC MD PI SF * SS * TAY SE TRMA SED SMI * SMON * CHLD YAD ADLT SNR * SP FX * F28 * VAPN * FPSY SPS",40.8382,-73.942,"360610245002001","36","061","024500",2001
"Metropolitan Center for Mental Health",NA,"336 Central Park West",NA,"New York","NY",10025,"212-864-3666","646-992-3357",NA,NA,NA,"MH SUMH * OP * OMH * ARIPI BREXP CARIP LURAS OLANZ QUETI RISPE ZIPRA ANTPYCH * CBT CFT DBT GT IDD IPT TELE * PVTN * CMHG MC MD PI SF VAF * SS * TAY SE TRMA SED SMI * SMON * CHLD YAD ADLT SNR * SP FX * F28 * VAPN * FPSY SPS",40.7975,-73.9683,"360610187005000","36","061","018700",5000
"Metropolitan Hospital Center","Psychiatric Services","1901 1st Avenue","Room 4M3","New York","NY",10029,"212-423-7155","212-423-6262",NA,NA,NA,"MH SUMH * HI OP * OMH * CHLOR HALOP PERPH TRIFL ARIPI ASENA BREXP CLOZA LURAS OLANZ PALIP QUETI RISPE ZIPRA NRT NSC ANTPYCH * AT CFT DBT GT IPT TELE * PEON WI * STG * CLF ITU MC MD MI OSF PI SCJJ SEF SF SI SMHA SWFS VAF * PA SS * TAY SE GL VET ADM MF CJ CO HV TRMA TBI ALZ PED PTSD SED SMI * STU * HIVT STDT TBS MST LABT * HS PEER * TCC * SMON * CHLD YAD ADLT SNR * AH SP FX * F4 F17 F19 F25 F28 F35 F36 F47 F70 * VAPN * ACT AOT CDM COOT FPSY LAD PRS SEMP SH VRS IPC SPS",40.7918,-73.9447,"360610172004001","36","061","017200",4001
"Mount Sinai Morningside","Department of Psychiatry","1090 Amsterdam Avenue","16th Floor","New York","NY",10025,"212-523-4139","212-523-8080",NA,NA,NA,"SA MH SUMH * HI OP * IPSY * CHLOR FLUPH HALOP PERPH ARIPI CARIP CLOZA LURAS OLANZ PALIP QUETI RISPE ZIPRA NRT NSC ANTPYCH * AT CBT CFT DBT GT IDD IPT TELE AIM * CIT PEON PEOFF WI * PVTN * MC MD PI SF SI SMHA * TAY SE GL CO HV TRMA PEFP PTSD SED SMI * STU * MST LABT * PEER * TCC * SMON * CHLD YAD ADLT SNR * AH SP * VAPN * CDM COOT DEC FPSY IMR PRS IPC SPS ES",40.7975,-73.9683,"360610187005000","36","061","018700",5000
"New York City Childrens Center","Queens Mid Childhood Clinic at PS 169","110 East 88th Street",NA,"New York","NY",10128,"212-987-2010",NA,"212-987-2513",NA,NA,"SA MH SUMH * OP * OMH * NRT NSC ANTPYCH * CBT CRT CFT DBT GT IDD IPT TELE AIM * STG * MD PI SI SMHA * CO PTSD SED * STU * MST LABT * PEER * TCC * SMON * CHLD * AH SP * VAPN * AOT COOT DEC FPSY PRS VRS CM SPS ES",40.7816,-73.9511,"360610154013000","36","061","015401",3000
"New York Presbyterian Hospital","Morgan Stanley Childrens Hospital","3959 Broadway","6th Floor, North Wing Pediatric Psych","New York","NY",10032,"212-305-3093","212-305-0924",NA,NA,NA,"SA MH SUMH * OP * OMH * HALOP ARIPI CLOZA LURAS OLANZ OLANZF QUETI RISPE ANTPYCH * CBT CFT DBT GT IPT TELE * CIT PEON PEOFF * PVTN * MC MD PI SF SI * TAY GL HV DV TRMA PTSD SED * STU * TCC * SMON * CHLD YAD ADLT SNR * AH SP * VAPN * FPSY CM SPS ES",40.8382,-73.942,"360610245002001","36","061","024500",2001
"Northside Center for Child Development","Home Based Crisis Intervention","1475 Park Avenue",NA,"New York","NY",10029,"212-426-3400","646-596-2967",NA,NA,NA,"MH * OP * OMH * HALOP LOXAP ARIPI OLANZ RISPE ZIPRA ANTPYCH * CBT CFT DBT IPT * PVTN * SMHA * PA * SED * SMON * CHLD YAD * SP * VAPN * FPSY",40.7918,-73.9447,"360610172004001","36","061","017200",4001
"Northside Ctr Therapeutic Early Child","Preschool Day Treatment","1475 Park Avenue",NA,"New York","NY",10029,"212-426-3400","212-426-3400 x3459","212-426-3400 x3464",NA,NA,"MH * OP PHDT * PH * AT CBT GT IPT TELE * CIT * PVTN * MD SEF * PA * TRMA PTSD SED * SMON * CHLD * VAPN * FPSY CM ES",40.7918,-73.9447,"360610172004001","36","061","017200",4001
"NYC HH Metropolitan Hospital Ctr","Adult BH Clinic","1900 2nd Avenue","1st Floor","New York","NY",10029,"212-423-8017","212-423-6645","212-423-6528",NA,NA,"MH SUMH * OP * OMH * CHLOR PERPH TRIFL ARIPI ASENA BREXP CLOZA LURAS OLANZ PALIP QUETI RISPE ZIPRA NRT NSC ANTPYCH * DBT GT IPT TELE * PEON * STG * CLF ITU MC MD MI OSF PI SCJJ SEF SF SI SMHA SWFS VAF * PA SS * TAY SE GL VET ADM MF CJ CO HV TRMA TBI ALZ PED PTSD SMI * STU * MST LABT * HS PEER * TCC * SMON * CHLD YAD ADLT SNR * AH SP FX * F4 F17 F19 F25 F28 F35 F36 F47 F70 * VAPN * AOT CDM COOT LAD PRS SEMP SH VRS IPC SPS",40.7918,-73.9447,"360610172004001","36","061","017200",4001
"NYC HH Metropolitan Hospital Ctr","Metrop Hosp CMHC Child/Adol Clinic","1900 2nd Avenue","6th Floor","New York","NY",10029,"212-423-7155","212-423-6945",NA,NA,NA,"MH SUMH * OP * OMH * CHLOR ARIPI OLANZ QUETI RISPE NRT NSC ANTPYCH * CFT DBT GT IPT TELE * PEON * STG * CLF ITU MC MD MI OSF PI SCJJ SEF SF SI SMHA SWFS VAF * PA SS * GL CJ CO HV TRMA TBI PED PTSD SED * STU * LABT * TCC * SMON * CHLD * AH SP FX * F4 F17 F19 F25 F28 F35 F36 F47 F70 * VAPN * FPSY PRS SPS",40.7918,-73.9447,"360610172004001","36","061","017200",4001
"NY Psychiatric Institute","Wash Heights Comm Servs Audubon Clinic","513 West 166th Street","4th Floor","New York","NY",10032,"212-928-8300",NA,NA,NA,NA,"SA MH SUMH * OP * OMH * CHLOR FLUPH HALOP LOXAP PERPH PIMOZ PROCH THIOT TRIFL ARIPI BREXP CARIP CLOZA ILOPE LURAS OLANZ OLANZF PALIP QUETI RISPE ZIPRA NRT NSC ANTPYCH * AT CBT CFT DBT GT IDD IPT TELE AIM * STG * MC MD PI SI SMHA SWFS * PA SS * SMI * STU * HIVT STDT TBS MST HBT HCT LABT * PEER * TCC * SMON * YAD ADLT SNR * SP * VAPN * AOT CDM DEC FPSY IMR PRS SEMP CM IPC SPS",40.8382,-73.942,"360610245002001","36","061","024500",2001
"NYS Psychiatric Institute","Wash Heights Comm Servs Inwood Clinic","4941 Broadway","Lower Level","New York","NY",10034,"212-942-8500","212-942-1471",NA,NA,NA,"SA MH SUMH * OP * OMH * CHLOR FLUPH HALOP LOXAP PERPH PIMOZ PROCH THIOT TRIFL ARIPI BREXP CARIP CLOZA ILOPE LURAS OLANZ OLANZF PALIP QUETI RISPE ZIPRA NRT NSC ANTPYCH * AT CBT CFT DBT GT IDD IPT TELE AIM * STG * MC MD PI SI SMHA SWFS * PA SS * SMI * STU * HIVT STDT TBS MST HBT HCT LABT * PEER * TCC * SMON * YAD ADLT SNR * AH SP * VAPN * AOT CDM DEC FPSY IMR PRS SEMP CM IPC SPS",40.8662,-73.9221,"360610293003001","36","061","029300",3001
"NYU Langone Hospitals","Inpatient Psychiatric Unit","550 1st Avenue","10th Floor","New York","NY",10016,"212-263-5420",NA,NA,NA,NA,"MH SUMH * HI * IPSY * CHLOR FLUPH HALOP PERPH ARIPI BREXP CARIP CLOZA LURAS OLANZ OLANZF QUETI RISPE ZIPRA NRT NSC ANTPYCH * AT ECT GT IDD IPT * CIT PEON WI * PVTN * CLF MC MD OSF PI SF SI * STU * HIVT STDT TBS MST HBT HCT LABT * TCC * SMON * YAD ADLT SNR * AH * VAPN * CDM COOT DEC IMR PRS IPC SPS",40.7443,-73.9781,"360610070024000","36","061","007002",4000
"NYU Langone Hospitals","Tisch Hosp Inpatient Psychiatric Unit","530 1st Avenue","10th Floor","New York","NY",10016,"212-263-5567",NA,NA,NA,NA,"MH SUMH * HI * IPSY * CHLOR FLUPH HALOP PERPH ARIPI BREXP CARIP CLOZA LURAS OLANZ OLANZF QUETI RISPE ZIPRA NRT NSC ANTPYCH * AT CBT DBT ECT GT IDD IPT * CIT PEON WI * PVTN * CLF MC MD OSF PI SF SI * STU * HIVT STDT TBS MST HBT HCT LABT * TCC * SMON * YAD ADLT SNR * AH * VAPN * CDM COOT DEC IMR PRS IPC SPS",40.7443,-73.9781,"360610070024000","36","061","007002",4000
"Postgraduate Center for Mental Health","Center for Adult Psychotherapy","213 West 35th Street","4th Floor","New York","NY",10001,"212-665-1860","212-576-4104",NA,NA,NA,"MH SUMH * OP * OMH * CHLOR DROPE FLUPH HALOP LOXAP PERPH PROCH THIOT ARIPI CLOZA LURAS OLANZ OLANZF PALIP ANTPYCH * CBT CFT GT IPT TELE * PVTN * MC MD PI SF SI * SMON * YAD ADLT SNR * AH SP * VAPN * AOT",40.7484,-73.9967,"360610097001002","36","061","009700",1002
"Puerto Rican Family Institute","Manhattan Mental Health Clinic","145 West 15th Street","5th Floor","New York","NY",10011,"212-229-6905","212-229-6942 x1972",NA,NA,NA,"MH SUMH * OP * OMH * CHLOR FLUPH HALOP PERPH THIOR ARIPI CLOZA LURAS OLANZ PALIP QUETI RISPE ZIPRA NSC ANTPYCH * CBT CFT GT IPT TELE * PEON WI * PVTN * FG MC MD PI SF SI * SS * TRMA PTSD * STU * PEER * TCC * SMON * CHLD YAD ADLT SNR * SP * VAPN * COOT FPSY CM SPS",40.7402,-73.9996,"360610081005000","36","061","008100",5000
"Ryan Health","Mental Health","801 Amsterdam Avenue",NA,"New York","NY",10025,"212-769-7200",NA,NA,NA,NA,"MH SUMH * OP * OMH * ARIPI CLOZA LURAS OLANZ RISPE ANTPYCH * AT CBT CFT DBT GT IPT TELE AIM * PVTN * FQHC * MC MD PI PCF SF * PA SS * TAY SE TRMA SED SMI * STU * LABT * TCC * SMOP * CHLD YAD ADLT SNR * SP FX * F28 * VAPP * FPSY CM SPS ES",40.7975,-73.9683,"360610187005000","36","061","018700",5000
"Ryan Health","NENA","279 East 3rd Street",NA,"New York","NY",10009,"212-769-7200 x7843","212-477-8500 x7843",NA,NA,NA,"MH SUMH * OP * OMH * ARIPI CLOZA LURAS OLANZ RISPE ANTPYCH * AT CBT CFT DBT GT IPT TELE AIM * PVTN * FQHC * MC MD PI PCF SF * PA SS * TAY SE TRMA SED SMI * STU * LABT * TCC * SMOP * CHLD YAD ADLT SNR * SP FX * F28 * VAPP * FPSY CM SPS ES",40.7262,-73.9796,"360610028003001","36","061","002800",3001
"Saint Marks Place Institute for MH Inc",NA,"57 Saint Marks Place","1st, 2nd and 3rd Floors","New York","NY",10003,"212-982-3470 x125","212-982-3470",NA,NA,NA,"SA MH SUMH * OP * OMH * CHLOR HALOP LOXAP PROCH TRIFL ARIPI ASENA BREXP CARIP CLOZA ILOPE LURAS OLANZ OLANZF PALIP QUETI RISPE ZIPRA NRT NSC ANTPYCH * CBT CFT DBT GT IDD IPT KIT TMS TELE * PVTN * MC MD PI SF SI * TAY SE GL VET CJ CO HV DV TRMA TBI PEFP PTSD SMI * STU * HIVT STDT TBS MST HBT HCT LABT * PEER * TCC * SMON * CHLD YAD ADLT SNR * AH SP FX * F66 F70 * VAPN * AOT CDM COOT FPSY IMR IPC SPS",40.7313,-73.9892,"360610042001000","36","061","004200",1000
"Shiloh Consulting LLC","Outpatient Clinic","566 Fashion Avenue","Floor 4","New York","NY",10018,"212-564-7631",NA,NA,NA,NA,"SA MH SUMH * OP * OMH * FLUPH HALOP ARIPI CLOZA OLANZ PALIP NRT ANTPYCH * CBT CFT DBT GT IDD IPT TELE * PVTP * MHC * CLF MC MD PI SF SI SMHA * SS * SE GL VET CJ CO HV TRMA PEFP PTSD SMI * STU * SMOP * YAD ADLT SNR * SP * VAPP * COOT FPSY SPS",40.7547,-73.9925,"360610111001000","36","061","011100",1000
"Steven A Cohen Military Family Clinic","NYU Langone Health","- - -",NA,"New York","NY",10016,"855-698-4677",NA,NA,NA,NA,"SA MH SUMH * OP * OMH * NRT NSC * CBT CRT CFT DBT GT IDD IPT TELE * PVTN * CLF PCF * TAY SE GL VET MF CO TRMA TBI PTSD * STU * TCC * SMON * CHLD YAD ADLT SNR * AH * VAPN * FPSY SPS",40.7443,-73.9781,"360610070024000","36","061","007002",4000
"University Settlement Society of NY","Victory Guild Consultation Center","184 Eldridge Street",NA,"New York","NY",10002,"212-453-4522",NA,NA,NA,NA,"MH SUMH * OP * OMH * CHLOR FLUPH HALOP LOXAP PERPH PIMOZ PROCH THIOT THIOR TRIFL CLOZA ILOPE OLANZF RISPE ZIPRA ANTPYCH * AT CBT CFT DBT GT IPT TELE * PVTN * CLF CMHG MC MD OSF PI PCF SCJJ SEF SF SI SMHA SWFS * TAY SE GL VET CJ TRMA PTSD SED SMI * STU * MST LABT * PEER * TCC * SMON * CHLD YAD ADLT SNR * SP FX * F17 F19 F28 F35 F36 F42 F66 F70 * VAPN * CDM COOT DEC FPSY CM SPS",40.7152,-73.9877,"360610014011000","36","061","001401",1000
"VA NY Harbor Healthcare System","Manhattan Campus","423 East 23rd Street",NA,"New York","NY",10010,"212-686-7500",NA,NA,NA,NA,"SA MH SUMH * HI OP * VAHC * CHLOR FLUPH HALOP LOXAP PERPH TRIFL ARIPI CARIP CLOZA LURAS OLANZ PALIP QUETI RISPE ZIPRA NRT NSC ANTPYCH * CBT CFT DBT ECT GT IDD IPT TELE AIM * CIT PEON WI * FED VAMC * MI PI SF VAF * SE GL VET ADM CO HV TBI ALZ PED * STU * MST LABT * HS PEER * TCC * SMON * YAD ADLT SNR * VAPN * ACT COOT DEC FPSY ICM LAD PRS SEMP SH CM IPC SPS ES",40.7375,-73.9813,"360610064001001","36","061","006400",1001
"VNS Health","Manhattan Geriatric Outreach","148 West 125th Street","3rd Floor","New York","NY",10027,"212-609-1755",NA,"212-609-7788",NA,NA,"MH * OP * OMH * PVTN * CLF OSF * PA * SE * STU * SMOP * SNR * SP * VAPP * FPSY PRS ES",40.8116,-73.955,"360610209012000","36","061","020901",2000
"William A White Institute",NA,"20 West 74th Street",NA,"New York","NY",10023,"212-873-0725 x26","212-873-0725 x20","212-873-0726",NA,NA,"MH * OP * OMH * CFT IPT * PVTN * SF * TAY SE GL HV TRMA PED SED * SMON * CHLD YAD ADLT SNR * VAPN * FPSY",40.7764,-73.9827,"360610153025000","36","061","015302",5000
"YAI","Center for Specialty Therapy","- - -",NA,"New York","NY",10017,"212-273-6100 x6244","212-273-6272 x0",NA,NA,NA,"MH * OP * OMH * CBT CFT GT IDD IPT TELE * PVTN * MC MD OSF PI SF SI * SMON * CHLD YAD ADLT SNR * SP FX * F17 F70 * VAPN * DEC FPSY",40.7517,-73.9707,"360610090001000","36","061","009000",1000
"BHSN Center for Well Being",NA,"25 Willowbrook Road","Suite 2","Queensbury","NY",12804,"518-926-7100",NA,NA,NA,NA,"SA MH SUMH * OP * CBHC * FLUPH HALOP ARIPI CLOZA OLANZ OLANZF PALIP QUETI RISPE ZIPRA NRT NSC ANTPYCH * AT CBT CFT DBT GT IDD IPT TELE AIM * CIT PEON WI * PVTN * CLF CMHG CSBG MC MD MI OSF PI SEF SF SI SMHA SWFS VAF * PA SS * TAY SE GL CJ CO TRMA PTSD SMI * STU * MST LABT * PEER * TCC * SMON * CHLD YAD ADLT SNR * AH * VAPN * AOT COOT FPSY TPC SPS",43.329,-73.6818,"361130707014007","36","113","070701",4007
"Creedmoor Psychiatric Center",NA,"79-25 Winchester Boulevard","Building 40","Queens Village","NY",11427,"718-264-4000",NA,NA,NA,NA,"SA MH SUMH * HI * PSY * NRT NSC ANTPYCH * AT CBT CFT DBT ECT GT IDD IPT TELE AIM * CIT PEOFF * STG * MC MD PI SF SI SMHA SWFS * CJ CO TRMA PTSD SMI * STU * MST LABT * HS PEER * TCC * SMON * YAD ADLT SNR * AH SP FX * F17 F43 F47 F66 * VAPN * ACT CDM COOT DEC FPSY ICM IMR LAD PRS SEMP SH VRS CM IPC SPS ES",40.7277,-73.7489,"360810552001014","36","081","055200",1014
"Lifeline Center for Child Development",NA,"80-09 Winchester Boulevard",NA,"Queens Village","NY",11427,"718-740-4300",NA,NA,NA,NA,"MH SUMH * OP PHDT * PH * CHLOR FLUPH HALOP LOXAP PROCH THIOT THIOR TRIFL ARIPI CLOZA OLANZ RISPE ZIPRA ANTPYCH * AT CBT DBT GT IPT TELE * CIT PEON * PVTN * MD SEF SMHA * SED * STU * MST * TCC * SMON * CHLD YAD * VAPN * FPSY CM SPS ES",40.7277,-73.7489,"360810552001014","36","081","055200",1014
"Queens Village Wellness and Recov Ctr",NA,"80-45 Winchester Boulevard","Building 73","Queens Village","NY",11427,"718-264-3950",NA,NA,NA,NA,"SA MH SUMH * OP * OMH * NRT NSC ANTPYCH * AT CBT CFT DBT GT IDD IPT TELE AIM * CIT PEOFF * STG * MC MD PI SF SI SMHA SWFS * CJ CO TRMA PTSD SMI * STU * MST LABT * HS PEER * TCC * SMON * YAD ADLT SNR * AH SP FX * F17 F31 F47 * VAPN * CDM COOT DEC FPSY ICM IMR LAD PRS SEMP SH VRS CM IPC SPS ES",40.7277,-73.7489,"360810552001014","36","081","055200",1014
"Jewish Board of Family/Childrens Servs","Morris L Black Counseling Ctr","1765 South Avenue",NA,"Staten Island","NY",10314,"718-761-9800","844-663-2255",NA,NA,NA,"SA MH SUMH * OP * CBHC * CHLOR FLUPH HALOP LOXAP CLOZA OLANZF RISPE NSC ANTPYCH * CBT CFT DBT EMDR GT IDD IPT TELE AIM * CIT PEOFF * PVTN * CMHG MC MD PI SF SI SMHA SWFS * SS * TAY SE GL CO DV TRMA PED PEFP PTSD SED SMI * STU * MST * PEER * TCC * SMOP * CHLD YAD ADLT SNR * AH SP FX * F4 F17 F70 * VAPP * ACT COOT DEC FPSY ICM PRS CM IPC SPS",40.6039,-74.1472,"360850273015003","36","085","027301",5003
"Richmond University Medical Center","Saint George Clinic","1130 South Avenue",NA,"Staten Island","NY",10314,"718-818-5557","718-818-6132",NA,NA,NA,"SA MH SUMH * OP * OMH * FLUPH HALOP PERPH ARIPI OLANZ RISPE NRT NSC ANTPYCH * AT CBT CFT DBT GT IDD IPT TMS TELE AIM * PVTN * FQHC * MC MD PI SF SI * CO SMI * STU * MST LABT * TCC * SMPD * YAD ADLT SNR * AH SP FX * F47 F70 * VPPD * FPSY IPC SPS",40.6039,-74.1472,"360850273015003","36","085","027301",5003
"South Beach Psychiatric Center","Ocean View Lodge Clinic","777 Seaview Avenue","Building 10, 2nd Floor","Staten Island","NY",10305,"718-667-2536","718-667-2463",NA,NA,NA,"SA MH SUMH * OP * OMH * CHLOR FLUPH HALOP LOXAP PERPH TRIFL ARIPI BREXP CARIP CLOZA ILOPE LURAS OLANZ OLANZF PALIP QUETI RISPE ZIPRA NRT NSC ANTPYCH * AT CBT CRT CFT DBT GT IDD IPT TELE AIM * STG * MC MD PI SF SI SMHA * SE CO TRMA SMI * STU * MST LABT * PEER * TCC * SMON * YAD ADLT SNR * AH SP FX * F17 F66 F70 F81 * VAPN * AOT FPSY PRS VRS SPS",40.5973,-74.0768,"360850064002007","36","085","006400",2007
"South Beach Psychiatric Center","South Richmond ACT Team","- - -",NA,"Staten Island","NY",10305,"718-668-8050",NA,NA,NA,NA,"SA MH SUMH * OP * OMH * CHLOR FLUPH HALOP LOXAP PERPH TRIFL ARIPI BREXP CARIP CLOZA ILOPE LURAS OLANZ OLANZF PALIP QUETI RISPE ZIPRA NRT NSC ANTPYCH * CBT CFT DBT GT IDD IPT TELE AIM * STG * MC MD PI SF SI SMHA * SE CO TRMA SMI * STU * MST LABT * PEER * TCC * SMON * YAD ADLT SNR * AH FX * F17 * VAPN * ACT AOT FPSY PRS VRS CM SPS",40.5973,-74.0768,"360850064002007","36","085","006400",2007
"Staten Island Mental Health","A Div of Richmond University Med Ctr","- - -",NA,"Staten Island","NY",10301,"718-818-4440","718-818-6700",NA,NA,NA,"MH SUMH * OP * CMHC * CHLOR PERPH ARIPI LURAS OLANZ QUETI RISPE ANTPYCH * AT CBT CFT DBT GT IPT TELE * PVTN * FQHC * FG MD MI PI SF * SS * TRMA PTSD SED * STU * MST * SMON * CHLD YAD * AH SP * VAPN * FPSY SPS",40.6316,-74.0927,"360850075002004","36","085","007500",2004
"Staten Island Mental Health A Division","A Div of Richmond University Med Ctr","669 Castleton Avenue",NA,"Staten Island","NY",10301,"718-818-6690","718-818-6700 x86700",NA,NA,NA,"MH SUMH * OP * OMH * ARIPI QUETI RISPE NRT ANTPYCH * AT CBT CFT DBT IPT TELE * PVTN * CLF MD PI SF SI * TAY GL MF CJ TRMA PTSD SED SMI * STU * TCC * SMON * CHLD YAD * AH SP FX * F19 F35 F36 F70 * VAPN * FPSY CM",40.6316,-74.0927,"360850075002004","36","085","007500",2004
"VA NY Harbor Healthcare System","Staten Island Community Clinic","1150 South Avenue","Suite 301","Staten Island","NY",10314,"718-761-2973",NA,NA,NA,NA,"SA MH SUMH * OP * VAHC * CHLOR FLUPH HALOP LOXAP PERPH TRIFL ARIPI CARIP CLOZA LURAS OLANZ PALIP QUETI RISPE ZIPRA NRT NSC ANTPYCH * CBT CFT IPT TELE AIM * FED VAMC * MC MI PI SF VAF * SE VET ADM CO TBI SMI * STU * MST * HS * TCC * SMON * YAD ADLT SNR * VAPN * COOT DEC FPSY SPS",40.6039,-74.1472,"360850273015003","36","085","027301",5003
